il11_percent,benefit_percentage_points
0.0,0.0
0.1,0.2857142857142857
0.2,0.5454545454545455
0.3,0.7826086956521738
0.4,1.0
0.5,1.2
0.6,1.3846153846153844
0.7000000000000001,1.5555555555555556
0.8,1.7142857142857144
0.9000000000000001,1.862068965517241
1.0,2.0
1.0999999999999999,2.1290322580645156
1.2,2.25
1.3,2.3636363636363638
1.4000000000000001,2.4705882352941173
1.5,2.571428571428571
1.6,2.6666666666666665
1.7000000000000002,2.7567567567567566
1.8000000000000003,2.8421052631578942
1.9,2.923076923076923
2.0,2.9999999999999996
2.1,3.073170731707317
2.1999999999999997,3.1428571428571423
2.3,3.2093023255813953
2.4,3.2727272727272725
2.5,3.3333333333333335
2.6,3.3913043478260874
2.7,3.4468085106382973
2.8000000000000003,3.5000000000000004
2.9000000000000004,3.551020408163265
3.0,3.5999999999999996
3.1,3.6470588235294117
3.2,3.692307692307692
3.3000000000000003,3.735849056603773
3.4000000000000004,3.7777777777777777
3.5000000000000004,3.8181818181818183
3.6000000000000005,3.8571428571428568
3.6999999999999997,3.8947368421052633
3.8,3.9310344827586206
3.9,3.9661016949152548
4.0,4.0
4.1000000000000005,4.032786885245901
4.2,4.064516129032258
4.300000000000001,4.095238095238096
4.3999999999999995,4.124999999999999
4.5,4.153846153846153
4.6,4.181818181818182
4.7,4.208955223880597
4.8,4.235294117647058
4.9,4.260869565217391
5.0,4.285714285714285
5.1000000000000005,4.309859154929577
5.2,4.333333333333333
5.3,4.3561643835616435
5.4,4.378378378378378
5.5,4.4
5.6000000000000005,4.421052631578948
5.7,4.441558441558442
5.800000000000001,4.461538461538462
5.9,4.481012658227848
6.0,4.5
6.1,4.518518518518518
6.2,4.536585365853658
6.3,4.554216867469879
6.4,4.571428571428571
6.5,4.588235294117647
6.6000000000000005,4.604651162790698
6.7,4.620689655172414
6.800000000000001,4.636363636363637
6.9,4.651685393258427
7.000000000000001,4.666666666666667
7.1000000000000005,4.681318681318681
7.200000000000001,4.695652173913043
7.3,4.709677419354838
7.3999999999999995,4.723404255319148
7.5,4.7368421052631575
7.6,4.75
7.7,4.762886597938144
7.8,4.775510204081632
7.9,4.787878787878788
8.0,4.8
8.1,4.811881188118812
8.200000000000001,4.823529411764706
8.3,4.834951456310679
8.4,4.846153846153846
8.5,4.857142857142857
8.600000000000001,4.867924528301887
8.700000000000001,4.878504672897196
8.799999999999999,4.888888888888888
8.9,4.899082568807338
9.0,4.909090909090909
9.1,4.918918918918918
9.2,4.928571428571428
9.3,4.938053097345133
9.4,4.947368421052632
9.5,4.956521739130435
9.6,4.96551724137931
9.700000000000001,4.974358974358974
9.8,4.983050847457627
9.9,4.991596638655462
10.0,5.0
10.100000000000001,5.008264462809917
10.200000000000001,5.016393442622951
10.3,5.024390243902439
10.4,5.032258064516128
10.5,5.039999999999999
10.6,5.0476190476190474
10.7,5.05511811023622
10.8,5.0625
10.9,5.069767441860465
11.0,5.076923076923077
11.1,5.083969465648855
11.200000000000001,5.090909090909091
11.3,5.097744360902255
11.4,5.104477611940298
11.5,5.111111111111111
11.600000000000001,5.117647058823529
11.700000000000001,5.124087591240876
11.8,5.130434782608695
11.9,5.136690647482014
12.0,5.142857142857143
12.1,5.148936170212766
12.2,5.154929577464789
12.3,5.160839160839161
12.4,5.166666666666667
12.5,5.172413793103448
12.6,5.178082191780822
12.7,5.183673469387755
12.8,5.1891891891891895
12.9,5.194630872483222
13.0,5.2
13.100000000000001,5.2052980132450335
13.200000000000001,5.2105263157894735
13.3,5.215686274509804
13.4,5.220779220779221
13.5,5.225806451612903
13.600000000000001,5.230769230769231
13.700000000000001,5.235668789808917
13.8,5.2405063291139244
13.900000000000002,5.245283018867925
14.000000000000002,5.250000000000001
14.100000000000001,5.254658385093168
14.200000000000001,5.259259259259259
14.3,5.263803680981596
14.400000000000002,5.2682926829268295
14.499999999999998,5.2727272727272725
14.6,5.27710843373494
14.7,5.2814371257485035
14.799999999999999,5.285714285714286
14.899999999999999,5.289940828402368
15.0,5.294117647058823
15.1,5.298245614035087
15.2,5.302325581395349
15.299999999999999,5.306358381502889
15.4,5.310344827586207
15.5,5.314285714285714
15.6,5.318181818181818
15.7,5.322033898305085
15.8,5.3258426966292145
15.9,5.329608938547486
16.0,5.333333333333333
16.1,5.337016574585635
16.2,5.34065934065934
16.3,5.344262295081967
16.400000000000002,5.3478260869565215
16.5,5.351351351351352
16.6,5.35483870967742
16.7,5.358288770053476
16.8,5.361702127659575
16.900000000000002,5.365079365079365
17.0,5.36842105263158
17.1,5.371727748691099
17.200000000000003,5.375000000000001
17.3,5.378238341968912
17.400000000000002,5.381443298969073
17.5,5.384615384615385
17.599999999999998,5.387755102040816
17.7,5.3908629441624365
17.8,5.393939393939394
17.9,5.396984924623116
18.0,5.4
18.099999999999998,5.402985074626867
18.2,5.405940594059406
18.3,5.408866995073892
18.4,5.411764705882352
18.5,5.414634146341464
18.6,5.41747572815534
18.7,5.420289855072464
18.8,5.423076923076923
18.9,5.425837320574162
19.0,5.428571428571429
19.1,5.431279620853081
19.2,5.433962264150943
19.3,5.436619718309859
19.400000000000002,5.4392523364485985
19.5,5.441860465116279
19.6,5.444444444444444
19.7,5.4470046082949315
19.8,5.4495412844036695
19.900000000000002,5.452054794520548
20.0,5.454545454545455
20.1,5.457013574660633
20.200000000000003,5.45945945945946
20.3,5.461883408071748
20.400000000000002,5.464285714285714
20.5,5.466666666666667
20.6,5.469026548672566
20.700000000000003,5.47136563876652
20.8,5.473684210526315
20.9,5.475982532751092
21.0,5.478260869565217
21.099999999999998,5.480519480519481
21.2,5.482758620689656
21.3,5.484978540772532
21.4,5.487179487179487
21.5,5.48936170212766
21.6,5.491525423728814
21.7,5.493670886075949
21.8,5.495798319327731
21.9,5.497907949790794
22.0,5.5
22.1,5.5020746887966805
22.2,5.5041322314049586
22.3,5.506172839506173
22.400000000000002,5.508196721311476
22.5,5.510204081632653
22.6,5.51219512195122
22.7,5.51417004048583
22.8,5.516129032258064
22.900000000000002,5.518072289156627
23.0,5.52
23.1,5.52191235059761
23.200000000000003,5.523809523809524
23.3,5.525691699604743
23.400000000000002,5.52755905511811
23.5,5.529411764705882
23.6,5.53125
23.700000000000003,5.533073929961089
23.8,5.534883720930233
23.900000000000002,5.536679536679537
24.0,5.538461538461538
24.099999999999998,5.54022988505747
24.2,5.541984732824426
24.3,5.5437262357414445
24.4,5.545454545454544
24.5,5.547169811320754
24.6,5.548872180451127
24.7,5.550561797752809
24.8,5.552238805970148
24.9,5.5539033457249065
25.0,5.555555555555555
25.1,5.5571955719557184
25.2,5.558823529411764
25.3,5.560439560439559
25.4,5.562043795620437
25.5,5.563636363636363
25.6,5.565217391304348
25.7,5.5667870036101075
25.8,5.568345323741007
25.900000000000002,5.569892473118279
26.0,5.571428571428571
26.1,5.572953736654804
26.200000000000003,5.574468085106383
26.3,5.575971731448762
26.400000000000002,5.577464788732394
26.5,5.578947368421052
26.6,5.580419580419581
26.700000000000003,5.581881533101044
26.8,5.583333333333333
26.900000000000002,5.58477508650519
27.0,5.586206896551723
27.1,5.58762886597938
27.200000000000003,5.58904109589041
27.3,5.590443686006826
27.400000000000002,5.591836734693876
27.500000000000004,5.59322033898305
27.6,5.594594594594595
27.700000000000003,5.595959595959595
27.800000000000004,5.59731543624161
27.900000000000002,5.59866220735786
28.000000000000004,5.6000000000000005
28.1,5.601328903654484
28.200000000000003,5.602649006622516
28.300000000000004,5.6039603960396045
28.400000000000002,5.605263157894736
28.500000000000004,5.60655737704918
28.6,5.607843137254902
28.700000000000003,5.609120521172638
28.800000000000004,5.61038961038961
28.9,5.6116504854368925
28.999999999999996,5.612903225806451
29.099999999999998,5.614147909967845
29.2,5.615384615384614
29.299999999999997,5.616613418530351
29.4,5.617834394904459
29.5,5.619047619047618
29.599999999999998,5.620253164556961
29.7,5.621451104100946
29.799999999999997,5.622641509433962
29.9,5.623824451410657
30.0,5.624999999999999
30.099999999999998,5.6261682242990645
30.2,5.627329192546583
30.3,5.628482972136222
30.4,5.62962962962963
30.5,5.630769230769231
30.599999999999998,5.631901840490797
30.7,5.633027522935779
30.8,5.634146341463414
30.9,5.635258358662613
31.0,5.636363636363636
31.1,5.637462235649546
31.2,5.63855421686747
31.3,5.639639639639639
31.4,5.640718562874251
31.5,5.641791044776119
31.6,5.642857142857142
31.7,5.643916913946587
31.8,5.6449704142011825
31.900000000000002,5.646017699115044
32.0,5.64705882352941
32.1,5.648093841642228
32.2,5.649122807017544
32.300000000000004,5.650145772594752
32.4,5.651162790697674
32.5,5.652173913043478
32.6,5.653179190751445
32.7,5.654178674351584
32.800000000000004,5.655172413793102
32.9,5.656160458452722
33.0,5.6571428571428575
33.1,5.658119658119657
33.2,5.659090909090909
33.300000000000004,5.660056657223795
33.4,5.6610169491525415
33.5,5.661971830985915
33.6,5.662921348314606
33.7,5.663865546218487
33.800000000000004,5.664804469273743
33.900000000000006,5.665738161559887
34.0,5.666666666666666
34.1,5.6675900277008315
34.2,5.668508287292817
34.300000000000004,5.669421487603305
34.400000000000006,5.67032967032967
34.5,5.671232876712328
34.6,5.672131147540983
34.7,5.6730245231607626
34.800000000000004,5.673913043478261
34.900000000000006,5.674796747967479
35.0,5.675675675675675
35.1,5.67654986522911
35.199999999999996,5.677419354838708
35.3,5.678284182305629
35.4,5.679144385026738
35.5,5.68
35.6,5.680851063829786
35.699999999999996,5.681697612732095
35.8,5.682539682539682
35.9,5.683377308707123
36.0,5.6842105263157885
36.1,5.68503937007874
36.199999999999996,5.685863874345549
36.3,5.686684073107049
36.4,5.687499999999999
36.5,5.688311688311688
36.6,5.689119170984456
36.7,5.6899224806201545
36.8,5.690721649484535
36.9,5.691516709511568
37.0,5.692307692307692
37.1,5.69309462915601
37.2,5.693877551020408
37.3,5.694656488549618
37.4,5.695431472081217
37.5,5.69620253164557
37.6,5.696969696969697
37.7,5.697732997481107
37.8,5.698492462311557
37.9,5.6992481203007515
38.0,5.7
38.1,5.70074812967581
38.2,5.701492537313432
38.3,5.702233250620347
38.4,5.702970297029702
38.5,5.703703703703703
38.6,5.704433497536946
38.7,5.705159705159705
38.800000000000004,5.705882352941176
38.9,5.706601466992665
39.0,5.7073170731707314
39.1,5.708029197080292
39.2,5.708737864077669
39.300000000000004,5.709443099273607
39.4,5.7101449275362315
39.5,5.710843373493975
39.6,5.711538461538461
39.7,5.712230215827338
39.800000000000004,5.712918660287081
39.900000000000006,5.713603818615751
40.0,5.714285714285714
40.1,5.714964370546318
40.2,5.71563981042654
40.300000000000004,5.716312056737588
40.400000000000006,5.716981132075471
40.5,5.7176470588235295
40.6,5.718309859154929
40.7,5.7189695550351285
40.800000000000004,5.719626168224299
40.900000000000006,5.72027972027972
41.0,5.720930232558139
41.1,5.721577726218097
41.2,5.722222222222222
41.300000000000004,5.722863741339491
41.400000000000006,5.723502304147465
41.5,5.724137931034483
41.6,5.724770642201834
41.699999999999996,5.725400457665903
41.8,5.726027397260274
41.9,5.726651480637813
42.0,5.727272727272727
42.1,5.727891156462585
42.199999999999996,5.728506787330316
42.3,5.729119638826185
42.4,5.729729729729729
42.5,5.730337078651685
42.6,5.7309417040358746
42.699999999999996,5.731543624161073
42.8,5.732142857142857
42.9,5.7327394209354114
43.0,5.733333333333333
43.1,5.733924611973392
43.2,5.734513274336283
43.3,5.735099337748344
43.4,5.73568281938326
43.5,5.736263736263735
43.6,5.7368421052631575
43.7,5.737417943107221
43.8,5.737991266375545
43.9,5.738562091503267
44.0,5.739130434782608
44.1,5.739696312364425
44.2,5.74025974025974
44.3,5.740820734341252
44.4,5.741379310344827
44.5,5.741935483870967
44.6,5.742489270386265
44.7,5.743040685224839
44.800000000000004,5.743589743589744
44.9,5.744136460554371
45.0,5.744680851063829
45.1,5.745222929936306
45.2,5.745762711864406
45.300000000000004,5.74630021141649
45.4,5.746835443037974
45.5,5.747368421052632
45.6,5.747899159663865
45.7,5.748427672955975
45.800000000000004,5.7489539748953975
45.9,5.749478079331941
46.0,5.75
46.1,5.75051975051975
46.2,5.75103734439834
46.300000000000004,5.7515527950310545
46.400000000000006,5.752066115702479
46.5,5.752577319587628
46.6,5.753086419753086
46.7,5.75359342915811
46.800000000000004,5.754098360655737
46.900000000000006,5.754601226993865
47.0,5.755102040816326
47.1,5.755600814663951
47.2,5.7560975609756095
47.300000000000004,5.756592292089249
47.400000000000006,5.757085020242914
47.5,5.757575757575757
47.6,5.758064516129032
47.7,5.758551307847082
47.800000000000004,5.759036144578313
47.900000000000006,5.759519038076152
48.0,5.76
48.1,5.760479041916167
48.199999999999996,5.760956175298804
48.3,5.761431411530815
48.4,5.761904761904761
48.5,5.762376237623762
48.6,5.762845849802371
48.699999999999996,5.763313609467455
48.8,5.763779527559054
48.9,5.764243614931237
49.0,5.764705882352941
49.1,5.765166340508806
49.2,5.765624999999999
49.3,5.766081871345029
49.4,5.766536964980545
49.5,5.766990291262135
49.6,5.767441860465116
49.7,5.7678916827853
49.8,5.768339768339768
49.9,5.768786127167629
50.0,5.769230769230769
50.1,5.769673704414587
50.2,5.770114942528735
50.3,5.770554493307839
50.4,5.770992366412213
50.5,5.771428571428571
50.6,5.771863117870722
50.7,5.772296015180265
50.8,5.7727272727272725
50.9,5.773156899810964
51.0,5.7735849056603765
51.1,5.774011299435028
51.2,5.774436090225564
51.300000000000004,5.774859287054408
51.4,5.775280898876404
51.5,5.775700934579439
51.6,5.776119402985075
51.7,5.776536312849161
51.800000000000004,5.776951672862453
51.9,5.777365491651206
52.0,5.777777777777777
52.1,5.77818853974122
52.2,5.77859778597786
52.300000000000004,5.779005524861878
52.400000000000006,5.779411764705882
52.5,5.779816513761467
52.6,5.780219780219779
52.7,5.780621572212065
52.800000000000004,5.781021897810219
52.900000000000006,5.781420765027321
53.0,5.781818181818181
53.1,5.782214156079854
53.2,5.782608695652174
53.300000000000004,5.7830018083182635
53.400000000000006,5.783393501805054
53.5,5.783783783783783
53.6,5.784172661870503
53.7,5.78456014362657
53.800000000000004,5.784946236559139
53.900000000000006,5.785330948121645
54.0,5.785714285714285
54.1,5.786096256684492
54.2,5.7864768683274015
54.300000000000004,5.786856127886322
54.400000000000006,5.787234042553192
54.50000000000001,5.787610619469026
54.6,5.787985865724382
54.7,5.788359788359789
54.800000000000004,5.788732394366196
54.900000000000006,5.789103690685414
55.00000000000001,5.7894736842105265
55.1,5.78984238178634
55.2,5.79020979020979
55.300000000000004,5.790575916230366
55.400000000000006,5.790940766550522
55.50000000000001,5.791304347826086
55.60000000000001,5.791666666666666
55.7,5.792027729636049
55.800000000000004,5.7923875432525955
55.900000000000006,5.792746113989637
56.00000000000001,5.793103448275862
56.10000000000001,5.793459552495697
56.2,5.79381443298969
56.300000000000004,5.7941680960548885
56.400000000000006,5.794520547945205
56.50000000000001,5.794871794871794
56.60000000000001,5.795221843003413
56.7,5.795570698466779
56.800000000000004,5.795918367346938
56.900000000000006,5.796264855687606
57.00000000000001,5.796610169491525
57.10000000000001,5.7969543147208125
57.2,5.797297297297297
57.300000000000004,5.797639123102867
57.400000000000006,5.797979797979798
57.50000000000001,5.798319327731092
57.60000000000001,5.798657718120805
57.699999999999996,5.798994974874372
57.8,5.799331103678929
57.9,5.799666110183638
57.99999999999999,5.8
58.099999999999994,5.800332778702162
58.199999999999996,5.8006644518272426
58.3,5.800995024875622
58.4,5.801324503311258
58.5,5.801652892561983
58.599999999999994,5.801980198019802
58.699999999999996,5.802306425041186
58.8,5.802631578947368
58.9,5.802955665024631
59.0,5.803278688524589
59.099999999999994,5.803600654664484
59.199999999999996,5.803921568627451
59.3,5.804241435562805
59.4,5.804560260586319
59.5,5.804878048780488
59.599999999999994,5.805194805194805
59.699999999999996,5.805510534846029
59.8,5.805825242718446
59.9,5.806138933764136
60.0,5.806451612903225
60.099999999999994,5.806763285024154
60.199999999999996,5.807073954983923
60.3,5.807383627608346
60.4,5.807692307692307
60.5,5.808
60.6,5.808306709265175
60.699999999999996,5.808612440191388
60.8,5.808917197452229
60.9,5.8092209856915735
61.0,5.809523809523809
61.1,5.809825673534073
61.199999999999996,5.810126582278481
61.3,5.81042654028436
61.4,5.810725552050473
61.5,5.8110236220472435
61.6,5.811320754716981
61.7,5.811616954474097
61.8,5.811912225705329
61.9,5.812206572769953
62.0,5.8125
62.1,5.812792511700468
62.2,5.813084112149532
62.3,5.813374805598755
62.4,5.813664596273292
62.5,5.813953488372093
62.6,5.81424148606811
62.7,5.814528593508501
62.8,5.814814814814814
62.9,5.815100154083204
63.0,5.815384615384615
63.1,5.815668202764977
63.2,5.815950920245399
63.3,5.816232771822357
63.4,5.816513761467889
63.5,5.816793893129771
63.6,5.817073170731707
63.7,5.8173515981735155
63.800000000000004,5.817629179331307
63.9,5.817905918057662
64.0,5.8181818181818175
64.1,5.818456883509834
64.2,5.818731117824773
64.3,5.819004524886877
64.4,5.8192771084337345
64.5,5.819548872180451
64.60000000000001,5.81981981981982
64.7,5.820089955022489
64.8,5.820359281437125
64.9,5.820627802690583
65.0,5.820895522388059
65.10000000000001,5.821162444113264
65.2,5.821428571428571
65.3,5.8216939078751855
65.4,5.821958456973293
65.5,5.822222222222222
65.60000000000001,5.822485207100591
65.7,5.82274741506647
65.8,5.823008849557522
65.9,5.823269513991163
66.0,5.823529411764706
66.10000000000001,5.823788546255506
66.2,5.824046920821114
66.3,5.824304538799415
66.4,5.824561403508772
66.5,5.8248175182481745
66.60000000000001,5.8250728862973755
66.7,5.82532751091703
66.8,5.825581395348836
66.9,5.825834542815675
67.0,5.826086956521738
67.10000000000001,5.826338639652677
67.2,5.826589595375722
67.30000000000001,5.8268398268398265
67.4,5.827089337175793
67.5,5.827338129496402
67.60000000000001,5.827586206896552
67.7,5.827833572453372
67.80000000000001,5.8280802292263605
67.9,5.82832618025751
68.0,5.828571428571428
68.10000000000001,5.828815977175463
68.2,5.82905982905983
68.30000000000001,5.829302987197724
68.4,5.829545454545454
68.5,5.829787234042554
68.60000000000001,5.830028328611898
68.7,5.83026874115983
68.80000000000001,5.830508474576271
68.9,5.830747531734837
69.0,5.830985915492957
69.10000000000001,5.831223628691983
69.2,5.831460674157303
69.30000000000001,5.831697054698457
69.4,5.831932773109243
69.5,5.832167832167832
69.60000000000001,5.832402234636872
69.7,5.832635983263598
69.80000000000001,5.832869080779943
69.9,5.833101529902643
70.0,5.833333333333333
70.10000000000001,5.833564493758668
70.2,5.833795013850415
70.30000000000001,5.83402489626556
70.39999999999999,5.834254143646408
70.5,5.834482758620689
70.6,5.8347107438016526
70.7,5.834938101788171
70.8,5.835164835164835
70.89999999999999,5.8353909465020575
71.0,5.835616438356165
71.1,5.835841313269493
71.2,5.836065573770491
71.3,5.836289222373806
71.39999999999999,5.836512261580381
71.5,5.83673469387755
71.6,5.836956521739131
71.7,5.837177747625509
71.8,5.837398373983739
71.89999999999999,5.837618403247632
72.0,5.837837837837837
72.1,5.838056680161944
72.2,5.8382749326145555
72.3,5.838492597577388
72.39999999999999,5.838709677419355
72.5,5.838926174496644
72.6,5.839142091152814
72.7,5.839357429718875
72.8,5.839572192513368
72.89999999999999,5.839786381842456
73.0,5.84
73.1,5.840213049267643
73.2,5.840425531914894
73.3,5.840637450199202
73.4,5.840848806366047
73.5,5.841059602649007
73.6,5.841269841269841
73.7,5.841479524438572
73.8,5.841688654353562
73.9,5.84189723320158
74.0,5.842105263157895
74.1,5.842312746386334
74.2,5.8425196850393695
74.3,5.84272608125819
74.4,5.842931937172775
74.5,5.8431372549019605
74.6,5.8433420365535245
74.7,5.84354628422425
74.8,5.84375
74.9,5.843953185955787
75.0,5.844155844155844
75.1,5.844357976653696
75.2,5.844559585492228
75.3,5.844760672703751
75.4,5.844961240310076
75.5,5.84516129032258
75.6,5.845360824742268
75.7,5.845559845559846
75.8,5.845758354755784
75.9,5.845956354300384
76.0,5.846153846153846
76.1,5.8463508322663245
76.2,5.846547314578005
76.3,5.846743295019157
76.4,5.846938775510203
76.5,5.847133757961783
76.6,5.847328244274809
76.7,5.8475222363405335
76.8,5.847715736040608
76.9,5.847908745247148
77.0,5.848101265822785
77.10000000000001,5.8482932996207335
77.2,5.848484848484848
77.3,5.848675914249684
77.4,5.848866498740554
77.5,5.849056603773584
77.60000000000001,5.849246231155778
77.7,5.849435382685069
77.8,5.849624060150376
77.9,5.849812265331663
78.0,5.85
78.10000000000001,5.850187265917603
78.2,5.850374064837905
78.3,5.850560398505604
78.4,5.850746268656716
78.5,5.850931677018634
78.60000000000001,5.851116625310174
78.7,5.851301115241635
78.8,5.851485148514851
78.9,5.851668726823238
79.0,5.851851851851851
79.10000000000001,5.8520345252774355
79.2,5.852216748768472
79.3,5.852398523985239
79.4,5.8525798525798525
79.5,5.852760736196318
79.60000000000001,5.852941176470589
79.7,5.8531211750306
79.80000000000001,5.853300733496332
79.9,5.853479853479854
80.0,5.853658536585366
80.10000000000001,5.853836784409256
80.2,5.854014598540146
80.30000000000001,5.85419198055893
80.4,5.854368932038835
80.5,5.8545454545454545
80.60000000000001,5.854721549636803
80.7,5.8548972188633615
80.80000000000001,5.855072463768115
80.9,5.85524728588661
81.0,5.855421686746988
81.10000000000001,5.855595667870036
81.2,5.85576923076923
81.30000000000001,5.855942376950781
81.4,5.856115107913669
81.5,5.8562874251496995
81.60000000000001,5.85645933014354
81.7,5.856630824372759
81.80000000000001,5.856801909307875
81.9,5.856972586412396
82.0,5.857142857142857
82.10000000000001,5.85731272294887
82.2,5.857482185273159
82.30000000000001,5.857651245551601
82.4,5.85781990521327
82.5,5.857988165680473
82.60000000000001,5.858156028368794
82.7,5.858323494687131
82.80000000000001,5.8584905660377355
82.9,5.858657243816253
83.0,5.858823529411764
83.10000000000001,5.858989424206816
83.2,5.859154929577464
83.3,5.859320046893317
83.39999999999999,5.859484777517563
83.5,5.859649122807017
83.6,5.859813084112149
83.7,5.859976662777129
83.8,5.86013986013986
83.89999999999999,5.8603026775320135
84.0,5.8604651162790695
84.1,5.860627177700349
84.2,5.860788863109049
84.3,5.860950173812282
84.39999999999999,5.861111111111111
84.5,5.861271676300577
84.6,5.861431870669747
84.7,5.86159169550173
84.8,5.861751152073732
84.89999999999999,5.861910241657077
85.0,5.862068965517241
85.1,5.862227324913891
85.2,5.862385321100917
85.3,5.86254295532646
85.39999999999999,5.862700228832951
85.5,5.862857142857143
85.6,5.863013698630136
85.7,5.863169897377423
85.8,5.863325740318906
85.9,5.863481228668942
86.0,5.863636363636364
86.1,5.863791146424517
86.2,5.8639455782312915
86.3,5.86409966024915
86.4,5.864253393665158
86.5,5.864406779661016
86.6,5.864559819413093
86.7,5.864712514092446
86.8,5.864864864864864
86.9,5.865016872890889
87.0,5.865168539325842
87.1,5.865319865319865
87.2,5.865470852017937
87.3,5.86562150055991
87.4,5.865771812080537
87.5,5.865921787709497
87.6,5.866071428571428
87.7,5.866220735785952
87.8,5.866369710467706
87.9,5.866518353726362
88.0,5.866666666666666
88.1,5.866814650388457
88.2,5.866962305986696
88.3,5.867109634551495
88.4,5.867256637168141
88.5,5.867403314917127
88.6,5.8675496688741715
88.7,5.867695700110253
88.8,5.86784140969163
88.9,5.867986798679867
89.0,5.868131868131868
89.1,5.86827661909989
89.2,5.868421052631579
89.3,5.8685651697699885
89.4,5.86870897155361
89.5,5.868852459016393
89.60000000000001,5.868995633187772
89.7,5.8691384950926935
89.8,5.869281045751634
89.9,5.8694232861806315
90.0,5.869565217391304
90.10000000000001,5.8697068403908785
90.2,5.869848156182213
90.3,5.869989165763814
90.4,5.870129870129869
90.5,5.870270270270271
90.60000000000001,5.870410367170626
90.7,5.8705501618122975
90.8,5.870689655172414
90.9,5.870828848223896
91.0,5.870967741935484
91.10000000000001,5.87110633727175
91.2,5.871244635193133
91.3,5.871382636655949
91.4,5.87152034261242
91.5,5.871657754010695
91.60000000000001,5.871794871794871
91.7,5.8719316969050155
91.8,5.8720682302771845
91.9,5.87220447284345
92.0,5.872340425531915
92.10000000000001,5.872476089266738
92.2,5.872611464968153
92.30000000000001,5.872746553552491
92.4,5.872881355932203
92.5,5.873015873015873
92.60000000000001,5.873150105708245
92.7,5.8732840549102425
92.80000000000001,5.8734177215189876
92.9,5.8735511064278185
93.0,5.873684210526315
93.10000000000001,5.8738170347003145
93.2,5.873949579831933
93.30000000000001,5.87408184679958
93.4,5.8742138364779874
93.5,5.87434554973822
93.60000000000001,5.874476987447698
93.7,5.874608150470219
93.80000000000001,5.874739039665971
93.9,5.874869655891554
94.0,5.875
94.10000000000001,5.875130072840791
94.2,5.875259875259875
94.30000000000001,5.875389408099688
94.4,5.87551867219917
94.5,5.875647668393782
94.60000000000001,5.875776397515528
94.7,5.875904860392968
94.80000000000001,5.876033057851239
94.9,5.876160990712075
95.0,5.876288659793814
95.10000000000001,5.876416065911431
95.2,5.8765432098765435
95.30000000000001,5.87667009249743
95.4,5.876796714579055
95.5,5.8769230769230765
95.60000000000001,5.877049180327869
95.7,5.877175025588536
95.80000000000001,5.877300613496932
95.9,5.877425944841675
96.0,5.877551020408163
96.1,5.877675840978593
96.2,5.877800407331975
96.3,5.877924720244151
96.39999999999999,5.878048780487805
96.5,5.878172588832486
96.6,5.878296146044624
96.7,5.878419452887538
96.8,5.878542510121457
96.89999999999999,5.878665318503538
97.0,5.878787878787879
97.1,5.87891019172553
97.2,5.879032258064516
97.3,5.879154078549848
97.39999999999999,5.879275653923542
97.5,5.8793969849246235
97.6,5.879518072289156
97.7,5.879638916750251
97.8,5.8797595190380765
97.89999999999999,5.879879879879879
98.0,5.88
98.1,5.88011988011988
98.2,5.880239520958084
98.3,5.880358923230309
98.4,5.880478087649402
98.5,5.880597014925374
98.6,5.880715705765407
98.7,5.880834160873883
98.8,5.880952380952381
98.9,5.881070366699703
99.0,5.881188118811881
99.1,5.881305637982196
99.2,5.881422924901186
99.3,5.8815399802566635
99.4,5.881656804733727
99.5,5.8817733990147785
99.6,5.881889763779528
99.7,5.882005899705015
99.8,5.8821218074656185
99.9,5.882237487733072
100.0,5.88235294117647
