condition,replicate,seed,generation,total,il11_percent,shared_death_reduction,nonproducer_expected_offspring
IL11 OFF,0,300042,0,100,0.0,0.0,1.428
IL11 OFF,0,300042,1,134,0.0,0.0,1.428
IL11 OFF,0,300042,2,188,0.0,0.0,1.428
IL11 OFF,0,300042,3,287,0.0,0.0,1.428
IL11 OFF,0,300042,4,395,0.0,0.0,1.428
IL11 OFF,0,300042,5,583,0.0,0.0,1.428
IL11 OFF,0,300042,6,809,0.0,0.0,1.428
IL11 OFF,0,300042,7,1156,0.0,0.0,1.428
IL11 OFF,0,300042,8,1655,0.0,0.0,1.428
IL11 OFF,0,300042,9,2373,0.0,0.0,1.428
IL11 OFF,0,300042,10,3416,0.0,0.0,1.428
IL11 OFF,0,300042,11,4975,0.0,0.0,1.428
IL11 OFF,0,300042,12,7231,0.0,0.0,1.428
IL11 OFF,0,300042,13,10488,0.0,0.0,1.428
IL11 OFF,0,300042,14,15549,0.0,0.0,1.428
IL11 OFF,0,300042,15,22959,0.0,0.0,1.428
IL11 OFF,0,300042,16,34040,0.0,0.0,1.428
IL11 OFF,0,300042,17,50909,0.0,0.0,1.428
IL11 OFF,0,300042,18,76526,0.0,0.0,1.428
IL11 OFF,1,300043,0,100,0.0,0.0,1.428
IL11 OFF,1,300043,1,135,0.0,0.0,1.428
IL11 OFF,1,300043,2,203,0.0,0.0,1.428
IL11 OFF,1,300043,3,324,0.0,0.0,1.428
IL11 OFF,1,300043,4,428,0.0,0.0,1.428
IL11 OFF,1,300043,5,586,0.0,0.0,1.428
IL11 OFF,1,300043,6,835,0.0,0.0,1.428
IL11 OFF,1,300043,7,1178,0.0,0.0,1.428
IL11 OFF,1,300043,8,1728,0.0,0.0,1.428
IL11 OFF,1,300043,9,2470,0.0,0.0,1.428
IL11 OFF,1,300043,10,3472,0.0,0.0,1.428
IL11 OFF,1,300043,11,5036,0.0,0.0,1.428
IL11 OFF,1,300043,12,7205,0.0,0.0,1.428
IL11 OFF,1,300043,13,10251,0.0,0.0,1.428
IL11 OFF,1,300043,14,15006,0.0,0.0,1.428
IL11 OFF,1,300043,15,22039,0.0,0.0,1.428
IL11 OFF,1,300043,16,32388,0.0,0.0,1.428
IL11 OFF,1,300043,17,47784,0.0,0.0,1.428
IL11 OFF,1,300043,18,71046,0.0,0.0,1.428
IL11 OFF,2,300044,0,100,0.0,0.0,1.428
IL11 OFF,2,300044,1,154,0.0,0.0,1.428
IL11 OFF,2,300044,2,225,0.0,0.0,1.428
IL11 OFF,2,300044,3,332,0.0,0.0,1.428
IL11 OFF,2,300044,4,468,0.0,0.0,1.428
IL11 OFF,2,300044,5,680,0.0,0.0,1.428
IL11 OFF,2,300044,6,1038,0.0,0.0,1.428
IL11 OFF,2,300044,7,1459,0.0,0.0,1.428
IL11 OFF,2,300044,8,2071,0.0,0.0,1.428
IL11 OFF,2,300044,9,3037,0.0,0.0,1.428
IL11 OFF,2,300044,10,4473,0.0,0.0,1.428
IL11 OFF,2,300044,11,6687,0.0,0.0,1.428
IL11 OFF,2,300044,12,9941,0.0,0.0,1.428
IL11 OFF,2,300044,13,14730,0.0,0.0,1.428
IL11 OFF,2,300044,14,21890,0.0,0.0,1.428
IL11 OFF,2,300044,15,33061,0.0,0.0,1.428
IL11 OFF,2,300044,16,49867,0.0,0.0,1.428
IL11 OFF,2,300044,17,75459,0.0,0.0,1.428
IL11 OFF,2,300044,18,115271,0.0,0.0,1.428
IL11 OFF,3,300045,0,100,0.0,0.0,1.428
IL11 OFF,3,300045,1,147,0.0,0.0,1.428
IL11 OFF,3,300045,2,214,0.0,0.0,1.428
IL11 OFF,3,300045,3,293,0.0,0.0,1.428
IL11 OFF,3,300045,4,445,0.0,0.0,1.428
IL11 OFF,3,300045,5,668,0.0,0.0,1.428
IL11 OFF,3,300045,6,946,0.0,0.0,1.428
IL11 OFF,3,300045,7,1335,0.0,0.0,1.428
IL11 OFF,3,300045,8,1940,0.0,0.0,1.428
IL11 OFF,3,300045,9,2799,0.0,0.0,1.428
IL11 OFF,3,300045,10,4026,0.0,0.0,1.428
IL11 OFF,3,300045,11,5831,0.0,0.0,1.428
IL11 OFF,3,300045,12,8357,0.0,0.0,1.428
IL11 OFF,3,300045,13,12156,0.0,0.0,1.428
IL11 OFF,3,300045,14,17553,0.0,0.0,1.428
IL11 OFF,3,300045,15,25620,0.0,0.0,1.428
IL11 OFF,3,300045,16,37520,0.0,0.0,1.428
IL11 OFF,3,300045,17,55453,0.0,0.0,1.428
IL11 OFF,3,300045,18,81833,0.0,0.0,1.428
IL11 OFF,4,300046,0,100,0.0,0.0,1.428
IL11 OFF,4,300046,1,143,0.0,0.0,1.428
IL11 OFF,4,300046,2,203,0.0,0.0,1.428
IL11 OFF,4,300046,3,286,0.0,0.0,1.428
IL11 OFF,4,300046,4,391,0.0,0.0,1.428
IL11 OFF,4,300046,5,540,0.0,0.0,1.428
IL11 OFF,4,300046,6,800,0.0,0.0,1.428
IL11 OFF,4,300046,7,1167,0.0,0.0,1.428
IL11 OFF,4,300046,8,1697,0.0,0.0,1.428
IL11 OFF,4,300046,9,2505,0.0,0.0,1.428
IL11 OFF,4,300046,10,3491,0.0,0.0,1.428
IL11 OFF,4,300046,11,5031,0.0,0.0,1.428
IL11 OFF,4,300046,12,7375,0.0,0.0,1.428
IL11 OFF,4,300046,13,10593,0.0,0.0,1.428
IL11 OFF,4,300046,14,15240,0.0,0.0,1.428
IL11 OFF,4,300046,15,22080,0.0,0.0,1.428
IL11 OFF,4,300046,16,31937,0.0,0.0,1.428
IL11 OFF,4,300046,17,46482,0.0,0.0,1.428
IL11 OFF,4,300046,18,67380,0.0,0.0,1.428
IL11 OFF,5,300047,0,100,0.0,0.0,1.428
IL11 OFF,5,300047,1,131,0.0,0.0,1.428
IL11 OFF,5,300047,2,183,0.0,0.0,1.428
IL11 OFF,5,300047,3,244,0.0,0.0,1.428
IL11 OFF,5,300047,4,367,0.0,0.0,1.428
IL11 OFF,5,300047,5,519,0.0,0.0,1.428
IL11 OFF,5,300047,6,726,0.0,0.0,1.428
IL11 OFF,5,300047,7,1110,0.0,0.0,1.428
IL11 OFF,5,300047,8,1596,0.0,0.0,1.428
IL11 OFF,5,300047,9,2304,0.0,0.0,1.428
IL11 OFF,5,300047,10,3445,0.0,0.0,1.428
IL11 OFF,5,300047,11,4976,0.0,0.0,1.428
IL11 OFF,5,300047,12,7293,0.0,0.0,1.428
IL11 OFF,5,300047,13,10753,0.0,0.0,1.428
IL11 OFF,5,300047,14,15922,0.0,0.0,1.428
IL11 OFF,5,300047,15,23764,0.0,0.0,1.428
IL11 OFF,5,300047,16,35499,0.0,0.0,1.428
IL11 OFF,5,300047,17,53143,0.0,0.0,1.428
IL11 OFF,5,300047,18,80378,0.0,0.0,1.428
IL11 OFF,6,300048,0,100,0.0,0.0,1.428
IL11 OFF,6,300048,1,146,0.0,0.0,1.428
IL11 OFF,6,300048,2,211,0.0,0.0,1.428
IL11 OFF,6,300048,3,289,0.0,0.0,1.428
IL11 OFF,6,300048,4,400,0.0,0.0,1.428
IL11 OFF,6,300048,5,570,0.0,0.0,1.428
IL11 OFF,6,300048,6,801,0.0,0.0,1.428
IL11 OFF,6,300048,7,1164,0.0,0.0,1.428
IL11 OFF,6,300048,8,1702,0.0,0.0,1.428
IL11 OFF,6,300048,9,2450,0.0,0.0,1.428
IL11 OFF,6,300048,10,3472,0.0,0.0,1.428
IL11 OFF,6,300048,11,5018,0.0,0.0,1.428
IL11 OFF,6,300048,12,7260,0.0,0.0,1.428
IL11 OFF,6,300048,13,10514,0.0,0.0,1.428
IL11 OFF,6,300048,14,15323,0.0,0.0,1.428
IL11 OFF,6,300048,15,22417,0.0,0.0,1.428
IL11 OFF,6,300048,16,32509,0.0,0.0,1.428
IL11 OFF,6,300048,17,47274,0.0,0.0,1.428
IL11 OFF,6,300048,18,69263,0.0,0.0,1.428
IL11 OFF,7,300049,0,100,0.0,0.0,1.428
IL11 OFF,7,300049,1,150,0.0,0.0,1.428
IL11 OFF,7,300049,2,215,0.0,0.0,1.428
IL11 OFF,7,300049,3,321,0.0,0.0,1.428
IL11 OFF,7,300049,4,454,0.0,0.0,1.428
IL11 OFF,7,300049,5,624,0.0,0.0,1.428
IL11 OFF,7,300049,6,857,0.0,0.0,1.428
IL11 OFF,7,300049,7,1188,0.0,0.0,1.428
IL11 OFF,7,300049,8,1685,0.0,0.0,1.428
IL11 OFF,7,300049,9,2433,0.0,0.0,1.428
IL11 OFF,7,300049,10,3582,0.0,0.0,1.428
IL11 OFF,7,300049,11,5202,0.0,0.0,1.428
IL11 OFF,7,300049,12,7484,0.0,0.0,1.428
IL11 OFF,7,300049,13,10735,0.0,0.0,1.428
IL11 OFF,7,300049,14,15667,0.0,0.0,1.428
IL11 OFF,7,300049,15,22858,0.0,0.0,1.428
IL11 OFF,7,300049,16,33245,0.0,0.0,1.428
IL11 OFF,7,300049,17,48605,0.0,0.0,1.428
IL11 OFF,7,300049,18,71474,0.0,0.0,1.428
IL11 OFF,8,300050,0,100,0.0,0.0,1.428
IL11 OFF,8,300050,1,136,0.0,0.0,1.428
IL11 OFF,8,300050,2,206,0.0,0.0,1.428
IL11 OFF,8,300050,3,260,0.0,0.0,1.428
IL11 OFF,8,300050,4,386,0.0,0.0,1.428
IL11 OFF,8,300050,5,554,0.0,0.0,1.428
IL11 OFF,8,300050,6,802,0.0,0.0,1.428
IL11 OFF,8,300050,7,1111,0.0,0.0,1.428
IL11 OFF,8,300050,8,1625,0.0,0.0,1.428
IL11 OFF,8,300050,9,2309,0.0,0.0,1.428
IL11 OFF,8,300050,10,3317,0.0,0.0,1.428
IL11 OFF,8,300050,11,4816,0.0,0.0,1.428
IL11 OFF,8,300050,12,6933,0.0,0.0,1.428
IL11 OFF,8,300050,13,10027,0.0,0.0,1.428
IL11 OFF,8,300050,14,14583,0.0,0.0,1.428
IL11 OFF,8,300050,15,21147,0.0,0.0,1.428
IL11 OFF,8,300050,16,30904,0.0,0.0,1.428
IL11 OFF,8,300050,17,44984,0.0,0.0,1.428
IL11 OFF,8,300050,18,65730,0.0,0.0,1.428
IL11 OFF,9,300051,0,100,0.0,0.0,1.428
IL11 OFF,9,300051,1,164,0.0,0.0,1.428
IL11 OFF,9,300051,2,250,0.0,0.0,1.428
IL11 OFF,9,300051,3,362,0.0,0.0,1.428
IL11 OFF,9,300051,4,531,0.0,0.0,1.428
IL11 OFF,9,300051,5,806,0.0,0.0,1.428
IL11 OFF,9,300051,6,1148,0.0,0.0,1.428
IL11 OFF,9,300051,7,1680,0.0,0.0,1.428
IL11 OFF,9,300051,8,2423,0.0,0.0,1.428
IL11 OFF,9,300051,9,3574,0.0,0.0,1.428
IL11 OFF,9,300051,10,5106,0.0,0.0,1.428
IL11 OFF,9,300051,11,7383,0.0,0.0,1.428
IL11 OFF,9,300051,12,10708,0.0,0.0,1.428
IL11 OFF,9,300051,13,15467,0.0,0.0,1.428
IL11 OFF,9,300051,14,22553,0.0,0.0,1.428
IL11 OFF,9,300051,15,32710,0.0,0.0,1.428
IL11 OFF,9,300051,16,47870,0.0,0.0,1.428
IL11 OFF,9,300051,17,70502,0.0,0.0,1.428
IL11 OFF,9,300051,18,104108,0.0,0.0,1.428
IL11 OFF,10,300052,0,100,0.0,0.0,1.428
IL11 OFF,10,300052,1,154,0.0,0.0,1.428
IL11 OFF,10,300052,2,227,0.0,0.0,1.428
IL11 OFF,10,300052,3,314,0.0,0.0,1.428
IL11 OFF,10,300052,4,448,0.0,0.0,1.428
IL11 OFF,10,300052,5,625,0.0,0.0,1.428
IL11 OFF,10,300052,6,880,0.0,0.0,1.428
IL11 OFF,10,300052,7,1305,0.0,0.0,1.428
IL11 OFF,10,300052,8,1852,0.0,0.0,1.428
IL11 OFF,10,300052,9,2669,0.0,0.0,1.428
IL11 OFF,10,300052,10,3923,0.0,0.0,1.428
IL11 OFF,10,300052,11,5735,0.0,0.0,1.428
IL11 OFF,10,300052,12,8334,0.0,0.0,1.428
IL11 OFF,10,300052,13,12132,0.0,0.0,1.428
IL11 OFF,10,300052,14,17557,0.0,0.0,1.428
IL11 OFF,10,300052,15,25442,0.0,0.0,1.428
IL11 OFF,10,300052,16,37032,0.0,0.0,1.428
IL11 OFF,10,300052,17,54065,0.0,0.0,1.428
IL11 OFF,10,300052,18,79728,0.0,0.0,1.428
IL11 OFF,11,300053,0,100,0.0,0.0,1.428
IL11 OFF,11,300053,1,152,0.0,0.0,1.428
IL11 OFF,11,300053,2,208,0.0,0.0,1.428
IL11 OFF,11,300053,3,273,0.0,0.0,1.428
IL11 OFF,11,300053,4,365,0.0,0.0,1.428
IL11 OFF,11,300053,5,539,0.0,0.0,1.428
IL11 OFF,11,300053,6,790,0.0,0.0,1.428
IL11 OFF,11,300053,7,1141,0.0,0.0,1.428
IL11 OFF,11,300053,8,1581,0.0,0.0,1.428
IL11 OFF,11,300053,9,2261,0.0,0.0,1.428
IL11 OFF,11,300053,10,3187,0.0,0.0,1.428
IL11 OFF,11,300053,11,4628,0.0,0.0,1.428
IL11 OFF,11,300053,12,6591,0.0,0.0,1.428
IL11 OFF,11,300053,13,9502,0.0,0.0,1.428
IL11 OFF,11,300053,14,13681,0.0,0.0,1.428
IL11 OFF,11,300053,15,19649,0.0,0.0,1.428
IL11 OFF,11,300053,16,28678,0.0,0.0,1.428
IL11 OFF,11,300053,17,42027,0.0,0.0,1.428
IL11 OFF,11,300053,18,61821,0.0,0.0,1.428
IL11 OFF,12,300054,0,100,0.0,0.0,1.428
IL11 OFF,12,300054,1,142,0.0,0.0,1.428
IL11 OFF,12,300054,2,178,0.0,0.0,1.428
IL11 OFF,12,300054,3,250,0.0,0.0,1.428
IL11 OFF,12,300054,4,358,0.0,0.0,1.428
IL11 OFF,12,300054,5,513,0.0,0.0,1.428
IL11 OFF,12,300054,6,746,0.0,0.0,1.428
IL11 OFF,12,300054,7,1055,0.0,0.0,1.428
IL11 OFF,12,300054,8,1485,0.0,0.0,1.428
IL11 OFF,12,300054,9,2194,0.0,0.0,1.428
IL11 OFF,12,300054,10,3171,0.0,0.0,1.428
IL11 OFF,12,300054,11,4584,0.0,0.0,1.428
IL11 OFF,12,300054,12,6591,0.0,0.0,1.428
IL11 OFF,12,300054,13,9495,0.0,0.0,1.428
IL11 OFF,12,300054,14,13865,0.0,0.0,1.428
IL11 OFF,12,300054,15,20002,0.0,0.0,1.428
IL11 OFF,12,300054,16,29193,0.0,0.0,1.428
IL11 OFF,12,300054,17,42684,0.0,0.0,1.428
IL11 OFF,12,300054,18,62550,0.0,0.0,1.428
IL11 OFF,13,300055,0,100,0.0,0.0,1.428
IL11 OFF,13,300055,1,144,0.0,0.0,1.428
IL11 OFF,13,300055,2,237,0.0,0.0,1.428
IL11 OFF,13,300055,3,356,0.0,0.0,1.428
IL11 OFF,13,300055,4,521,0.0,0.0,1.428
IL11 OFF,13,300055,5,737,0.0,0.0,1.428
IL11 OFF,13,300055,6,1063,0.0,0.0,1.428
IL11 OFF,13,300055,7,1590,0.0,0.0,1.428
IL11 OFF,13,300055,8,2297,0.0,0.0,1.428
IL11 OFF,13,300055,9,3302,0.0,0.0,1.428
IL11 OFF,13,300055,10,4746,0.0,0.0,1.428
IL11 OFF,13,300055,11,6752,0.0,0.0,1.428
IL11 OFF,13,300055,12,9729,0.0,0.0,1.428
IL11 OFF,13,300055,13,14061,0.0,0.0,1.428
IL11 OFF,13,300055,14,20192,0.0,0.0,1.428
IL11 OFF,13,300055,15,29298,0.0,0.0,1.428
IL11 OFF,13,300055,16,42731,0.0,0.0,1.428
IL11 OFF,13,300055,17,62174,0.0,0.0,1.428
IL11 OFF,13,300055,18,91123,0.0,0.0,1.428
IL11 OFF,14,300056,0,100,0.0,0.0,1.428
IL11 OFF,14,300056,1,126,0.0,0.0,1.428
IL11 OFF,14,300056,2,193,0.0,0.0,1.428
IL11 OFF,14,300056,3,286,0.0,0.0,1.428
IL11 OFF,14,300056,4,416,0.0,0.0,1.428
IL11 OFF,14,300056,5,561,0.0,0.0,1.428
IL11 OFF,14,300056,6,830,0.0,0.0,1.428
IL11 OFF,14,300056,7,1180,0.0,0.0,1.428
IL11 OFF,14,300056,8,1716,0.0,0.0,1.428
IL11 OFF,14,300056,9,2434,0.0,0.0,1.428
IL11 OFF,14,300056,10,3458,0.0,0.0,1.428
IL11 OFF,14,300056,11,5015,0.0,0.0,1.428
IL11 OFF,14,300056,12,7133,0.0,0.0,1.428
IL11 OFF,14,300056,13,10184,0.0,0.0,1.428
IL11 OFF,14,300056,14,14652,0.0,0.0,1.428
IL11 OFF,14,300056,15,21086,0.0,0.0,1.428
IL11 OFF,14,300056,16,30490,0.0,0.0,1.428
IL11 OFF,14,300056,17,44035,0.0,0.0,1.428
IL11 OFF,14,300056,18,64231,0.0,0.0,1.428
IL11 OFF,15,300057,0,100,0.0,0.0,1.428
IL11 OFF,15,300057,1,145,0.0,0.0,1.428
IL11 OFF,15,300057,2,214,0.0,0.0,1.428
IL11 OFF,15,300057,3,310,0.0,0.0,1.428
IL11 OFF,15,300057,4,441,0.0,0.0,1.428
IL11 OFF,15,300057,5,605,0.0,0.0,1.428
IL11 OFF,15,300057,6,864,0.0,0.0,1.428
IL11 OFF,15,300057,7,1234,0.0,0.0,1.428
IL11 OFF,15,300057,8,1751,0.0,0.0,1.428
IL11 OFF,15,300057,9,2488,0.0,0.0,1.428
IL11 OFF,15,300057,10,3581,0.0,0.0,1.428
IL11 OFF,15,300057,11,5157,0.0,0.0,1.428
IL11 OFF,15,300057,12,7501,0.0,0.0,1.428
IL11 OFF,15,300057,13,10786,0.0,0.0,1.428
IL11 OFF,15,300057,14,15479,0.0,0.0,1.428
IL11 OFF,15,300057,15,22442,0.0,0.0,1.428
IL11 OFF,15,300057,16,32472,0.0,0.0,1.428
IL11 OFF,15,300057,17,47228,0.0,0.0,1.428
IL11 OFF,15,300057,18,68296,0.0,0.0,1.428
IL11 OFF,16,300058,0,100,0.0,0.0,1.428
IL11 OFF,16,300058,1,146,0.0,0.0,1.428
IL11 OFF,16,300058,2,204,0.0,0.0,1.428
IL11 OFF,16,300058,3,287,0.0,0.0,1.428
IL11 OFF,16,300058,4,389,0.0,0.0,1.428
IL11 OFF,16,300058,5,560,0.0,0.0,1.428
IL11 OFF,16,300058,6,820,0.0,0.0,1.428
IL11 OFF,16,300058,7,1169,0.0,0.0,1.428
IL11 OFF,16,300058,8,1722,0.0,0.0,1.428
IL11 OFF,16,300058,9,2545,0.0,0.0,1.428
IL11 OFF,16,300058,10,3722,0.0,0.0,1.428
IL11 OFF,16,300058,11,5526,0.0,0.0,1.428
IL11 OFF,16,300058,12,8022,0.0,0.0,1.428
IL11 OFF,16,300058,13,12067,0.0,0.0,1.428
IL11 OFF,16,300058,14,18063,0.0,0.0,1.428
IL11 OFF,16,300058,15,27197,0.0,0.0,1.428
IL11 OFF,16,300058,16,41143,0.0,0.0,1.428
IL11 OFF,16,300058,17,62819,0.0,0.0,1.428
IL11 OFF,16,300058,18,96826,0.0,0.0,1.428
IL11 OFF,17,300059,0,100,0.0,0.0,1.428
IL11 OFF,17,300059,1,161,0.0,0.0,1.428
IL11 OFF,17,300059,2,234,0.0,0.0,1.428
IL11 OFF,17,300059,3,354,0.0,0.0,1.428
IL11 OFF,17,300059,4,515,0.0,0.0,1.428
IL11 OFF,17,300059,5,736,0.0,0.0,1.428
IL11 OFF,17,300059,6,1034,0.0,0.0,1.428
IL11 OFF,17,300059,7,1481,0.0,0.0,1.428
IL11 OFF,17,300059,8,2125,0.0,0.0,1.428
IL11 OFF,17,300059,9,3037,0.0,0.0,1.428
IL11 OFF,17,300059,10,4323,0.0,0.0,1.428
IL11 OFF,17,300059,11,6355,0.0,0.0,1.428
IL11 OFF,17,300059,12,9221,0.0,0.0,1.428
IL11 OFF,17,300059,13,13268,0.0,0.0,1.428
IL11 OFF,17,300059,14,19311,0.0,0.0,1.428
IL11 OFF,17,300059,15,27825,0.0,0.0,1.428
IL11 OFF,17,300059,16,40269,0.0,0.0,1.428
IL11 OFF,17,300059,17,59017,0.0,0.0,1.428
IL11 OFF,17,300059,18,86126,0.0,0.0,1.428
IL11 OFF,18,300060,0,100,0.0,0.0,1.428
IL11 OFF,18,300060,1,135,0.0,0.0,1.428
IL11 OFF,18,300060,2,201,0.0,0.0,1.428
IL11 OFF,18,300060,3,284,0.0,0.0,1.428
IL11 OFF,18,300060,4,445,0.0,0.0,1.428
IL11 OFF,18,300060,5,616,0.0,0.0,1.428
IL11 OFF,18,300060,6,897,0.0,0.0,1.428
IL11 OFF,18,300060,7,1304,0.0,0.0,1.428
IL11 OFF,18,300060,8,1857,0.0,0.0,1.428
IL11 OFF,18,300060,9,2736,0.0,0.0,1.428
IL11 OFF,18,300060,10,4011,0.0,0.0,1.428
IL11 OFF,18,300060,11,5887,0.0,0.0,1.428
IL11 OFF,18,300060,12,8675,0.0,0.0,1.428
IL11 OFF,18,300060,13,12713,0.0,0.0,1.428
IL11 OFF,18,300060,14,18605,0.0,0.0,1.428
IL11 OFF,18,300060,15,27178,0.0,0.0,1.428
IL11 OFF,18,300060,16,39813,0.0,0.0,1.428
IL11 OFF,18,300060,17,59088,0.0,0.0,1.428
IL11 OFF,18,300060,18,88169,0.0,0.0,1.428
IL11 OFF,19,300061,0,100,0.0,0.0,1.428
IL11 OFF,19,300061,1,139,0.0,0.0,1.428
IL11 OFF,19,300061,2,195,0.0,0.0,1.428
IL11 OFF,19,300061,3,266,0.0,0.0,1.428
IL11 OFF,19,300061,4,386,0.0,0.0,1.428
IL11 OFF,19,300061,5,554,0.0,0.0,1.428
IL11 OFF,19,300061,6,811,0.0,0.0,1.428
IL11 OFF,19,300061,7,1213,0.0,0.0,1.428
IL11 OFF,19,300061,8,1780,0.0,0.0,1.428
IL11 OFF,19,300061,9,2590,0.0,0.0,1.428
IL11 OFF,19,300061,10,3784,0.0,0.0,1.428
IL11 OFF,19,300061,11,5474,0.0,0.0,1.428
IL11 OFF,19,300061,12,8073,0.0,0.0,1.428
IL11 OFF,19,300061,13,11892,0.0,0.0,1.428
IL11 OFF,19,300061,14,17570,0.0,0.0,1.428
IL11 OFF,19,300061,15,25944,0.0,0.0,1.428
IL11 OFF,19,300061,16,38629,0.0,0.0,1.428
IL11 OFF,19,300061,17,57767,0.0,0.0,1.428
IL11 OFF,19,300061,18,87314,0.0,0.0,1.428
IL11 OFF,20,300062,0,100,0.0,0.0,1.428
IL11 OFF,20,300062,1,141,0.0,0.0,1.428
IL11 OFF,20,300062,2,208,0.0,0.0,1.428
IL11 OFF,20,300062,3,288,0.0,0.0,1.428
IL11 OFF,20,300062,4,431,0.0,0.0,1.428
IL11 OFF,20,300062,5,620,0.0,0.0,1.428
IL11 OFF,20,300062,6,876,0.0,0.0,1.428
IL11 OFF,20,300062,7,1240,0.0,0.0,1.428
IL11 OFF,20,300062,8,1775,0.0,0.0,1.428
IL11 OFF,20,300062,9,2517,0.0,0.0,1.428
IL11 OFF,20,300062,10,3648,0.0,0.0,1.428
IL11 OFF,20,300062,11,5292,0.0,0.0,1.428
IL11 OFF,20,300062,12,7664,0.0,0.0,1.428
IL11 OFF,20,300062,13,11012,0.0,0.0,1.428
IL11 OFF,20,300062,14,15923,0.0,0.0,1.428
IL11 OFF,20,300062,15,23381,0.0,0.0,1.428
IL11 OFF,20,300062,16,33973,0.0,0.0,1.428
IL11 OFF,20,300062,17,49651,0.0,0.0,1.428
IL11 OFF,20,300062,18,72758,0.0,0.0,1.428
IL11 OFF,21,300063,0,100,0.0,0.0,1.428
IL11 OFF,21,300063,1,148,0.0,0.0,1.428
IL11 OFF,21,300063,2,207,0.0,0.0,1.428
IL11 OFF,21,300063,3,288,0.0,0.0,1.428
IL11 OFF,21,300063,4,411,0.0,0.0,1.428
IL11 OFF,21,300063,5,579,0.0,0.0,1.428
IL11 OFF,21,300063,6,849,0.0,0.0,1.428
IL11 OFF,21,300063,7,1207,0.0,0.0,1.428
IL11 OFF,21,300063,8,1733,0.0,0.0,1.428
IL11 OFF,21,300063,9,2522,0.0,0.0,1.428
IL11 OFF,21,300063,10,3558,0.0,0.0,1.428
IL11 OFF,21,300063,11,5138,0.0,0.0,1.428
IL11 OFF,21,300063,12,7394,0.0,0.0,1.428
IL11 OFF,21,300063,13,10697,0.0,0.0,1.428
IL11 OFF,21,300063,14,15377,0.0,0.0,1.428
IL11 OFF,21,300063,15,22411,0.0,0.0,1.428
IL11 OFF,21,300063,16,32917,0.0,0.0,1.428
IL11 OFF,21,300063,17,48295,0.0,0.0,1.428
IL11 OFF,21,300063,18,71352,0.0,0.0,1.428
IL11 OFF,22,300064,0,100,0.0,0.0,1.428
IL11 OFF,22,300064,1,138,0.0,0.0,1.428
IL11 OFF,22,300064,2,196,0.0,0.0,1.428
IL11 OFF,22,300064,3,276,0.0,0.0,1.428
IL11 OFF,22,300064,4,377,0.0,0.0,1.428
IL11 OFF,22,300064,5,526,0.0,0.0,1.428
IL11 OFF,22,300064,6,749,0.0,0.0,1.428
IL11 OFF,22,300064,7,1063,0.0,0.0,1.428
IL11 OFF,22,300064,8,1540,0.0,0.0,1.428
IL11 OFF,22,300064,9,2101,0.0,0.0,1.428
IL11 OFF,22,300064,10,2995,0.0,0.0,1.428
IL11 OFF,22,300064,11,4314,0.0,0.0,1.428
IL11 OFF,22,300064,12,6223,0.0,0.0,1.428
IL11 OFF,22,300064,13,9106,0.0,0.0,1.428
IL11 OFF,22,300064,14,13505,0.0,0.0,1.428
IL11 OFF,22,300064,15,19727,0.0,0.0,1.428
IL11 OFF,22,300064,16,28856,0.0,0.0,1.428
IL11 OFF,22,300064,17,42317,0.0,0.0,1.428
IL11 OFF,22,300064,18,62947,0.0,0.0,1.428
IL11 OFF,23,300065,0,100,0.0,0.0,1.428
IL11 OFF,23,300065,1,149,0.0,0.0,1.428
IL11 OFF,23,300065,2,230,0.0,0.0,1.428
IL11 OFF,23,300065,3,321,0.0,0.0,1.428
IL11 OFF,23,300065,4,422,0.0,0.0,1.428
IL11 OFF,23,300065,5,601,0.0,0.0,1.428
IL11 OFF,23,300065,6,822,0.0,0.0,1.428
IL11 OFF,23,300065,7,1196,0.0,0.0,1.428
IL11 OFF,23,300065,8,1727,0.0,0.0,1.428
IL11 OFF,23,300065,9,2495,0.0,0.0,1.428
IL11 OFF,23,300065,10,3554,0.0,0.0,1.428
IL11 OFF,23,300065,11,5085,0.0,0.0,1.428
IL11 OFF,23,300065,12,7281,0.0,0.0,1.428
IL11 OFF,23,300065,13,10439,0.0,0.0,1.428
IL11 OFF,23,300065,14,15139,0.0,0.0,1.428
IL11 OFF,23,300065,15,21719,0.0,0.0,1.428
IL11 OFF,23,300065,16,31364,0.0,0.0,1.428
IL11 OFF,23,300065,17,45312,0.0,0.0,1.428
IL11 OFF,23,300065,18,65789,0.0,0.0,1.428
IL11 OFF,24,300066,0,100,0.0,0.0,1.428
IL11 OFF,24,300066,1,139,0.0,0.0,1.428
IL11 OFF,24,300066,2,192,0.0,0.0,1.428
IL11 OFF,24,300066,3,274,0.0,0.0,1.428
IL11 OFF,24,300066,4,395,0.0,0.0,1.428
IL11 OFF,24,300066,5,567,0.0,0.0,1.428
IL11 OFF,24,300066,6,829,0.0,0.0,1.428
IL11 OFF,24,300066,7,1257,0.0,0.0,1.428
IL11 OFF,24,300066,8,1809,0.0,0.0,1.428
IL11 OFF,24,300066,9,2644,0.0,0.0,1.428
IL11 OFF,24,300066,10,3742,0.0,0.0,1.428
IL11 OFF,24,300066,11,5489,0.0,0.0,1.428
IL11 OFF,24,300066,12,7804,0.0,0.0,1.428
IL11 OFF,24,300066,13,11300,0.0,0.0,1.428
IL11 OFF,24,300066,14,16249,0.0,0.0,1.428
IL11 OFF,24,300066,15,23725,0.0,0.0,1.428
IL11 OFF,24,300066,16,34844,0.0,0.0,1.428
IL11 OFF,24,300066,17,51656,0.0,0.0,1.428
IL11 OFF,24,300066,18,76487,0.0,0.0,1.428
IL11 OFF,25,300067,0,100,0.0,0.0,1.428
IL11 OFF,25,300067,1,153,0.0,0.0,1.428
IL11 OFF,25,300067,2,243,0.0,0.0,1.428
IL11 OFF,25,300067,3,321,0.0,0.0,1.428
IL11 OFF,25,300067,4,452,0.0,0.0,1.428
IL11 OFF,25,300067,5,662,0.0,0.0,1.428
IL11 OFF,25,300067,6,935,0.0,0.0,1.428
IL11 OFF,25,300067,7,1390,0.0,0.0,1.428
IL11 OFF,25,300067,8,1994,0.0,0.0,1.428
IL11 OFF,25,300067,9,2831,0.0,0.0,1.428
IL11 OFF,25,300067,10,4015,0.0,0.0,1.428
IL11 OFF,25,300067,11,5756,0.0,0.0,1.428
IL11 OFF,25,300067,12,8305,0.0,0.0,1.428
IL11 OFF,25,300067,13,12131,0.0,0.0,1.428
IL11 OFF,25,300067,14,17690,0.0,0.0,1.428
IL11 OFF,25,300067,15,25791,0.0,0.0,1.428
IL11 OFF,25,300067,16,37821,0.0,0.0,1.428
IL11 OFF,25,300067,17,55996,0.0,0.0,1.428
IL11 OFF,25,300067,18,82823,0.0,0.0,1.428
IL11 OFF,26,300068,0,100,0.0,0.0,1.428
IL11 OFF,26,300068,1,142,0.0,0.0,1.428
IL11 OFF,26,300068,2,210,0.0,0.0,1.428
IL11 OFF,26,300068,3,299,0.0,0.0,1.428
IL11 OFF,26,300068,4,446,0.0,0.0,1.428
IL11 OFF,26,300068,5,610,0.0,0.0,1.428
IL11 OFF,26,300068,6,869,0.0,0.0,1.428
IL11 OFF,26,300068,7,1227,0.0,0.0,1.428
IL11 OFF,26,300068,8,1812,0.0,0.0,1.428
IL11 OFF,26,300068,9,2592,0.0,0.0,1.428
IL11 OFF,26,300068,10,3779,0.0,0.0,1.428
IL11 OFF,26,300068,11,5383,0.0,0.0,1.428
IL11 OFF,26,300068,12,7803,0.0,0.0,1.428
IL11 OFF,26,300068,13,11295,0.0,0.0,1.428
IL11 OFF,26,300068,14,16267,0.0,0.0,1.428
IL11 OFF,26,300068,15,23612,0.0,0.0,1.428
IL11 OFF,26,300068,16,34206,0.0,0.0,1.428
IL11 OFF,26,300068,17,49307,0.0,0.0,1.428
IL11 OFF,26,300068,18,72153,0.0,0.0,1.428
IL11 OFF,27,300069,0,100,0.0,0.0,1.428
IL11 OFF,27,300069,1,148,0.0,0.0,1.428
IL11 OFF,27,300069,2,204,0.0,0.0,1.428
IL11 OFF,27,300069,3,288,0.0,0.0,1.428
IL11 OFF,27,300069,4,397,0.0,0.0,1.428
IL11 OFF,27,300069,5,546,0.0,0.0,1.428
IL11 OFF,27,300069,6,720,0.0,0.0,1.428
IL11 OFF,27,300069,7,1012,0.0,0.0,1.428
IL11 OFF,27,300069,8,1458,0.0,0.0,1.428
IL11 OFF,27,300069,9,2151,0.0,0.0,1.428
IL11 OFF,27,300069,10,2993,0.0,0.0,1.428
IL11 OFF,27,300069,11,4310,0.0,0.0,1.428
IL11 OFF,27,300069,12,6201,0.0,0.0,1.428
IL11 OFF,27,300069,13,8885,0.0,0.0,1.428
IL11 OFF,27,300069,14,12886,0.0,0.0,1.428
IL11 OFF,27,300069,15,18841,0.0,0.0,1.428
IL11 OFF,27,300069,16,27609,0.0,0.0,1.428
IL11 OFF,27,300069,17,40593,0.0,0.0,1.428
IL11 OFF,27,300069,18,60217,0.0,0.0,1.428
IL11 OFF,28,300070,0,100,0.0,0.0,1.428
IL11 OFF,28,300070,1,139,0.0,0.0,1.428
IL11 OFF,28,300070,2,212,0.0,0.0,1.428
IL11 OFF,28,300070,3,298,0.0,0.0,1.428
IL11 OFF,28,300070,4,416,0.0,0.0,1.428
IL11 OFF,28,300070,5,567,0.0,0.0,1.428
IL11 OFF,28,300070,6,835,0.0,0.0,1.428
IL11 OFF,28,300070,7,1190,0.0,0.0,1.428
IL11 OFF,28,300070,8,1707,0.0,0.0,1.428
IL11 OFF,28,300070,9,2446,0.0,0.0,1.428
IL11 OFF,28,300070,10,3483,0.0,0.0,1.428
IL11 OFF,28,300070,11,4944,0.0,0.0,1.428
IL11 OFF,28,300070,12,7070,0.0,0.0,1.428
IL11 OFF,28,300070,13,10233,0.0,0.0,1.428
IL11 OFF,28,300070,14,14709,0.0,0.0,1.428
IL11 OFF,28,300070,15,21173,0.0,0.0,1.428
IL11 OFF,28,300070,16,30632,0.0,0.0,1.428
IL11 OFF,28,300070,17,44475,0.0,0.0,1.428
IL11 OFF,28,300070,18,65187,0.0,0.0,1.428
IL11 OFF,29,300071,0,100,0.0,0.0,1.428
IL11 OFF,29,300071,1,141,0.0,0.0,1.428
IL11 OFF,29,300071,2,206,0.0,0.0,1.428
IL11 OFF,29,300071,3,321,0.0,0.0,1.428
IL11 OFF,29,300071,4,466,0.0,0.0,1.428
IL11 OFF,29,300071,5,709,0.0,0.0,1.428
IL11 OFF,29,300071,6,1011,0.0,0.0,1.428
IL11 OFF,29,300071,7,1509,0.0,0.0,1.428
IL11 OFF,29,300071,8,2172,0.0,0.0,1.428
IL11 OFF,29,300071,9,3155,0.0,0.0,1.428
IL11 OFF,29,300071,10,4542,0.0,0.0,1.428
IL11 OFF,29,300071,11,6592,0.0,0.0,1.428
IL11 OFF,29,300071,12,9696,0.0,0.0,1.428
IL11 OFF,29,300071,13,14123,0.0,0.0,1.428
IL11 OFF,29,300071,14,20646,0.0,0.0,1.428
IL11 OFF,29,300071,15,30218,0.0,0.0,1.428
IL11 OFF,29,300071,16,44795,0.0,0.0,1.428
IL11 OFF,29,300071,17,66452,0.0,0.0,1.428
IL11 OFF,29,300071,18,98940,0.0,0.0,1.428
IL11 ON,0,300042,0,100,0.0,0.0,1.428
IL11 ON,0,300042,1,134,0.0,0.0,1.428
IL11 ON,0,300042,2,188,0.0,0.0,1.428
IL11 ON,0,300042,3,287,0.0,0.0,1.428
IL11 ON,0,300042,4,395,0.0,0.0,1.428
IL11 ON,0,300042,5,583,0.0,0.0,1.428
IL11 ON,0,300042,6,809,0.2472187886279357,0.0066006600660066,1.4414653465346536
IL11 ON,0,300042,7,1168,0.4280821917808219,0.010578279266572637,1.4495796897038082
IL11 ON,0,300042,8,1696,0.5306603773584906,0.012581547064305686,1.4536663560111838
IL11 ON,0,300042,9,2493,0.8022462896109106,0.01717721156598912,1.4630415115946178
IL11 ON,0,300042,10,3677,1.0334511830296438,0.020441097364174286,1.4696998386229156
IL11 ON,0,300042,11,5429,1.3077914901455148,0.02372201804209823,1.4763929168058805
IL11 ON,0,300042,12,8135,1.5734480639213275,0.02641898864809081,1.4818947368421054
IL11 ON,0,300042,13,12387,1.727617663679664,0.027807857235673753,1.4847280287607745
IL11 ON,0,300042,14,19047,1.8900614269963774,0.02915215806947931,1.4874704024617378
IL11 ON,0,300042,15,29220,1.9849418206707734,0.029886636894537962,1.4889687392648576
IL11 ON,0,300042,16,45291,2.04014042525005,0.030298062104469295,1.4898080466931172
IL11 ON,0,300042,17,70513,2.1995944010324338,0.03142581198543863,1.4921086564502948
IL11 ON,0,300042,18,110292,2.274870344177275,0.031928973199514724,1.4931351053270099
IL11 ON,1,300043,0,100,0.0,0.0,1.428
IL11 ON,1,300043,1,135,0.0,0.0,1.428
IL11 ON,1,300043,2,203,0.49261083743842365,0.011857707509881422,1.4521897233201582
IL11 ON,1,300043,3,332,0.6024096385542169,0.013888888888888888,1.4563333333333335
IL11 ON,1,300043,4,478,0.0,0.0,1.428
IL11 ON,1,300043,5,680,0.0,0.0,1.428
IL11 ON,1,300043,6,982,0.0,0.0,1.428
IL11 ON,1,300043,7,1363,0.22010271460014674,0.005948446794448117,1.4401348314606741
IL11 ON,1,300043,8,1933,0.3621314019658562,0.009198423127463861,1.4467647831800265
IL11 ON,1,300043,9,2849,0.4563004563004563,0.011146041726207489,1.4507379251214632
IL11 ON,1,300043,10,4131,0.5567659162430404,0.013065707252414313,1.454654042794925
IL11 ON,1,300043,11,6007,0.6492425503579158,0.01470403418373759,1.4579962297348248
IL11 ON,1,300043,12,8895,0.7644744238336143,0.016592110614070756,1.4618479056527043
IL11 ON,1,300043,13,13248,0.8227657004830918,0.017488501444004705,1.4636765429457697
IL11 ON,1,300043,14,19776,0.8747977346278317,0.018257932878350806,1.4652461830718357
IL11 ON,1,300043,15,29463,1.0080439873739946,0.020106966352988965,1.4690182113600976
IL11 ON,1,300043,16,44573,1.0365019182016018,0.020480841694619712,1.4697809170570244
IL11 ON,1,300043,17,67730,1.1102908607707072,0.021418399316434064,1.4716935346055255
IL11 ON,1,300043,18,102940,1.2531571789391878,0.02311275680840898,1.4751500238891544
IL11 ON,2,300044,0,100,0.0,0.0,1.428
IL11 ON,2,300044,1,154,0.6493506493506493,0.014705882352941176,1.458
IL11 ON,2,300044,2,225,0.8888888888888888,0.018461538461538463,1.4656615384615386
IL11 ON,2,300044,3,340,0.0,0.0,1.428
IL11 ON,2,300044,4,481,0.0,0.0,1.428
IL11 ON,2,300044,5,744,0.13440860215053765,0.0037783375314861464,1.4357078085642316
IL11 ON,2,300044,6,1094,0.2742230347349177,0.007234726688102893,1.44275884244373
IL11 ON,2,300044,7,1573,0.25429116338207247,0.00676818950930626,1.4418071065989848
IL11 ON,2,300044,8,2334,0.34275921165381323,0.008778346744696415,1.4459078273591808
IL11 ON,2,300044,9,3372,0.4448398576512456,0.01091703056768559,1.4502707423580787
IL11 ON,2,300044,10,5056,0.4153481012658227,0.010317720275139207,1.449048149361284
IL11 ON,2,300044,11,7401,0.48642075395216866,0.011737854581023801,1.4519452233452885
IL11 ON,2,300044,12,11094,0.6129439336578331,0.014074789568097141,1.4567125707189184
IL11 ON,2,300044,13,16642,0.6129071025117174,0.014074142213227853,1.4567112501149848
IL11 ON,2,300044,14,25314,0.762423955123647,0.01655989017274911,1.4617821759524083
IL11 ON,2,300044,15,38658,0.9053753427492369,0.018697247052957725,1.4661423839880339
IL11 ON,2,300044,16,59739,0.9692160899914629,0.01958529242634374,1.4679539965497412
IL11 ON,2,300044,17,93485,1.0525752794565972,0.020688930160843815,1.4702054175281216
IL11 ON,2,300044,18,146937,1.1487916590103242,0.021890142951624683,1.4726558916213144
IL11 ON,3,300045,0,100,0.0,0.0,1.428
IL11 ON,3,300045,1,147,0.0,0.0,1.428
IL11 ON,3,300045,2,214,0.0,0.0,1.428
IL11 ON,3,300045,3,293,0.0,0.0,1.428
IL11 ON,3,300045,4,445,0.0,0.0,1.428
IL11 ON,3,300045,5,668,0.29940119760479045,0.0078125,1.4439374999999999
IL11 ON,3,300045,6,954,0.20964360587002098,0.0056925996204933585,1.4396129032258065
IL11 ON,3,300045,7,1355,0.44280442804428044,0.010876132930513593,1.4501873111782477
IL11 ON,3,300045,8,1997,0.4506760140210316,0.011033919084593379,1.4505091949325704
IL11 ON,3,300045,9,2928,0.7513661202185792,0.01638530287984111,1.461426017874876
IL11 ON,3,300045,10,4308,0.8124419684308264,0.01733245295477055,1.463358204027732
IL11 ON,3,300045,11,6385,0.9866875489428347,0.019821709491347667,1.4684362873623493
IL11 ON,3,300045,12,9404,1.074011059123777,0.02096305520963055,1.4707646326276465
IL11 ON,3,300045,13,13916,1.12819775797643,0.021639253882201594,1.4721440779196913
IL11 ON,3,300045,14,20901,1.1913305583464906,0.022398128991634434,1.4736921831429344
IL11 ON,3,300045,15,31428,1.279114165712104,0.023404750815090823,1.4757456916627854
IL11 ON,3,300045,16,47323,1.4158020412907044,0.024869158531606102,1.4787330834044763
IL11 ON,3,300045,17,71630,1.4979757085020242,0.025694444444444443,1.4804166666666667
IL11 ON,3,300045,18,109380,1.5706710550374843,0.02639287177386317,1.481841458418681
IL11 ON,4,300046,0,100,0.0,0.0,1.428
IL11 ON,4,300046,1,143,0.0,0.0,1.428
IL11 ON,4,300046,2,203,0.0,0.0,1.428
IL11 ON,4,300046,3,286,0.0,0.0,1.428
IL11 ON,4,300046,4,391,0.0,0.0,1.428
IL11 ON,4,300046,5,540,0.0,0.0,1.428
IL11 ON,4,300046,6,800,0.125,0.0035294117647058816,1.4352000000000003
IL11 ON,4,300046,7,1175,0.1702127659574468,0.004705882352941176,1.4376
IL11 ON,4,300046,8,1720,0.3488372093023256,0.00891089108910891,1.4461782178217821
IL11 ON,4,300046,9,2564,0.6630265210608425,0.014938488576449912,1.4584745166959578
IL11 ON,4,300046,10,3653,0.7391185327128388,0.016190285828502897,1.4610281830901461
IL11 ON,4,300046,11,5380,0.8178438661710037,0.017414248021108178,1.4635250659630608
IL11 ON,4,300046,12,8070,1.0285006195786865,0.02037643207855974,1.469567921440262
IL11 ON,4,300046,13,11959,1.1957521531900661,0.022450154377518444,1.4737983149301377
IL11 ON,4,300046,14,17610,1.243611584327087,0.023004201680672267,1.4749285714285714
IL11 ON,4,300046,15,26237,1.3378053893356712,0.024048233493959393,1.4770583963276773
IL11 ON,4,300046,16,39212,1.3873304090584515,0.024573872191772567,1.4781306992712162
IL11 ON,4,300046,17,58764,1.407324212102648,0.02478174880636075,1.4785547675649762
IL11 ON,4,300046,18,88504,1.5434330651721955,0.0261345373842504,1.481314456263871
IL11 ON,5,300047,0,100,0.0,0.0,1.428
IL11 ON,5,300047,1,131,0.0,0.0,1.428
IL11 ON,5,300047,2,183,0.546448087431694,0.012875536480686695,1.454266094420601
IL11 ON,5,300047,3,252,0.3968253968253968,0.009933774834437085,1.4482649006622517
IL11 ON,5,300047,4,383,0.7832898172323759,0.016885553470919322,1.4624465290806754
IL11 ON,5,300047,5,580,0.6896551724137931,0.015384615384615384,1.4593846153846155
IL11 ON,5,300047,6,857,1.4002333722287048,0.02470830473575841,1.4784049416609473
IL11 ON,5,300047,7,1307,1.224177505738332,0.022781205505457997,1.4744736592311343
IL11 ON,5,300047,8,1944,1.3888888888888888,0.02459016393442623,1.4781639344262294
IL11 ON,5,300047,9,2892,1.5560165975103735,0.02625437572928821,1.481558926487748
IL11 ON,5,300047,10,4368,1.6025641025641024,0.026690391459074727,1.4824483985765124
IL11 ON,5,300047,11,6581,1.5955022033125665,0.02662496830360916,1.4823149353393628
IL11 ON,5,300047,12,9955,1.6875941737820193,0.02745845818578044,1.4840152546989922
IL11 ON,5,300047,13,14878,1.7139400457050677,0.027689300709425217,1.4844861734472274
IL11 ON,5,300047,14,22565,1.8036782627963661,0.028451590353023422,1.4860412443201678
IL11 ON,5,300047,15,34572,1.8974892976975588,0.029210948168378555,1.4875903342634924
IL11 ON,5,300047,16,52625,1.9439429928741092,0.029573596723681036,1.4883301373163094
IL11 ON,5,300047,17,81167,1.9934209715771187,0.029950575996347182,1.4890991750325482
IL11 ON,5,300047,18,125255,2.0438305856053653,0.030325166334327063,1.4898633393220273
IL11 ON,6,300048,0,100,0.0,0.0,1.428
IL11 ON,6,300048,1,146,0.0,0.0,1.428
IL11 ON,6,300048,2,211,0.0,0.0,1.428
IL11 ON,6,300048,3,289,0.0,0.0,1.428
IL11 ON,6,300048,4,400,0.0,0.0,1.428
IL11 ON,6,300048,5,570,0.17543859649122806,0.004838709677419355,1.4378709677419355
IL11 ON,6,300048,6,809,0.0,0.0,1.428
IL11 ON,6,300048,7,1178,0.08488964346349745,0.0024429967426710096,1.432983713355049
IL11 ON,6,300048,8,1727,0.3474232773595831,0.008880118401578688,1.4461154415392206
IL11 ON,6,300048,9,2518,0.3177124702144559,0.00822481151473612,1.4447786154900617
IL11 ON,6,300048,10,3676,0.3264417845484222,0.008419083255378858,1.445174929840973
IL11 ON,6,300048,11,5297,0.4719652633566169,0.01145562853215213,1.4513694822055905
IL11 ON,6,300048,12,7823,0.46018151604243895,0.011223111295853683,1.4508951470435416
IL11 ON,6,300048,13,11413,0.4556207833172698,0.011132519803040034,1.4507103403982018
IL11 ON,6,300048,14,16501,0.4787588630992061,0.011588675370397535,1.451640897755611
IL11 ON,6,300048,15,24010,0.6330695543523531,0.014425814615627964,1.457428661815881
IL11 ON,6,300048,16,35298,0.6487619695166865,0.014695815863780269,1.4579794643621118
IL11 ON,6,300048,17,52298,0.7724960801560289,0.016717702557311927,1.4621041132169164
IL11 ON,6,300048,18,78017,0.8895497135239756,0.018471038086535302,1.4656809176965322
IL11 ON,7,300049,0,100,0.0,0.0,1.428
IL11 ON,7,300049,1,150,0.0,0.0,1.428
IL11 ON,7,300049,2,215,0.9302325581395349,0.019047619047619046,1.4668571428571429
IL11 ON,7,300049,3,329,1.5197568389057752,0.025906735751295335,1.4808497409326427
IL11 ON,7,300049,4,453,1.7660044150110374,0.02813599062133646,1.4853974208675265
IL11 ON,7,300049,5,695,2.158273381294964,0.031141868512110725,1.491529411764706
IL11 ON,7,300049,6,1024,2.34375,0.03237410071942445,1.4940431654676258
IL11 ON,7,300049,7,1555,2.3794212218649515,0.03259911894273128,1.4945022026431718
IL11 ON,7,300049,8,2359,2.840186519711742,0.03520756699947451,1.499823436678928
IL11 ON,7,300049,9,3540,2.8813559322033897,0.035416666666666666,1.5002499999999999
IL11 ON,7,300049,10,5319,2.9140815942846396,0.035580381054403545,1.500583977350983
IL11 ON,7,300049,11,8082,2.7220984904726553,0.03458756943716592,1.4985586416518186
IL11 ON,7,300049,12,12248,2.84944480731548,0.03525489931981952,1.499919994612432
IL11 ON,7,300049,13,18553,2.9537002102085914,0.035775683850891124,1.5009823950558179
IL11 ON,7,300049,14,28288,3.050763574660633,0.03624121615946695,1.5019320809653125
IL11 ON,7,300049,15,43376,3.2114533382515678,0.03697379364040133,1.5034265390264185
IL11 ON,7,300049,16,66535,3.387690689110994,0.0377270064440539,1.5049630931458702
IL11 ON,7,300049,17,101994,3.53158028903661,0.03830638014278928,1.50614501549129
IL11 ON,7,300049,18,157963,3.6464235295607197,0.038747609106585076,1.5070451225774337
IL11 ON,8,300050,0,100,0.0,0.0,1.428
IL11 ON,8,300050,1,136,0.0,0.0,1.428
IL11 ON,8,300050,2,206,0.48543689320388345,0.011718749999999998,1.45190625
IL11 ON,8,300050,3,312,0.641025641025641,0.014563106796116502,1.4577087378640776
IL11 ON,8,300050,4,460,0.8695652173913043,0.018181818181818177,1.4650909090909092
IL11 ON,8,300050,5,670,1.3432835820895521,0.02410714285714285,1.4771785714285715
IL11 ON,8,300050,6,994,1.710261569416499,0.027657266811279824,1.484420824295011
IL11 ON,8,300050,7,1402,1.2838801711840229,0.023457862728062554,1.4758540399652476
IL11 ON,8,300050,8,2058,1.3119533527696794,0.023767605633802813,1.4764859154929577
IL11 ON,8,300050,9,3106,1.28783000643915,0.023501762632197415,1.475943595769683
IL11 ON,8,300050,10,4642,1.5941404566996984,0.02661232318388875,1.4822891392951332
IL11 ON,8,300050,11,7062,1.7558765222316624,0.028050067863067407,1.4852221384406576
IL11 ON,8,300050,12,10453,1.827226633502344,0.028645703144528318,1.486437234414838
IL11 ON,8,300050,13,15688,1.988781234064253,0.029915622602914856,1.4890278701099464
IL11 ON,8,300050,14,23711,2.1298131668845683,0.030942995445354463,1.4911237107085231
IL11 ON,8,300050,15,35811,2.1418000055848765,0.03102708971022505,1.4912952630088592
IL11 ON,8,300050,16,54346,2.195193758510286,0.03139583845047194,1.4920475104389628
IL11 ON,8,300050,17,82465,2.270053962287031,0.03189731065231591,1.4930705137307245
IL11 ON,8,300050,18,126556,2.3325642403362936,0.03230277652139658,1.493897664103649
IL11 ON,9,300051,0,100,0.0,0.0,1.428
IL11 ON,9,300051,1,164,0.0,0.0,1.428
IL11 ON,9,300051,2,250,0.0,0.0,1.428
IL11 ON,9,300051,3,362,0.0,0.0,1.428
IL11 ON,9,300051,4,531,0.0,0.0,1.428
IL11 ON,9,300051,5,806,0.49627791563275436,0.011928429423459244,1.4523339960238568
IL11 ON,9,300051,6,1167,0.5141388174807198,0.012269938650306747,1.4530306748466257
IL11 ON,9,300051,7,1730,0.6936416184971098,0.015450643776824034,1.459519313304721
IL11 ON,9,300051,8,2569,0.7006617360840794,0.015566445661573941,1.459755549149611
IL11 ON,9,300051,9,3760,0.9042553191489361,0.01868131868131868,1.4661098901098901
IL11 ON,9,300051,10,5449,1.0093595155074326,0.020124405415294547,1.469053787047201
IL11 ON,9,300051,11,8095,1.1488573193329215,0.021890937622597095,1.472657512750098
IL11 ON,9,300051,12,12032,1.2549867021276595,0.02313348993974058,1.4751923194770709
IL11 ON,9,300051,13,17911,1.256211266819273,0.023147354343129523,1.4752206028599841
IL11 ON,9,300051,14,26894,1.2567859002007882,0.023153856692697625,1.4752338676531032
IL11 ON,9,300051,15,40384,1.3619255150554674,0.0243061693477108,1.4775845854693301
IL11 ON,9,300051,16,60765,1.4218711429276722,0.024931467320732936,1.4788601933342953
IL11 ON,9,300051,17,91922,1.4914819085746611,0.025630639613141232,1.480286504810808
IL11 ON,9,300051,18,140292,1.5952442049439741,0.026622573277502854,1.482310049486106
IL11 ON,10,300052,0,100,0.0,0.0,1.428
IL11 ON,10,300052,1,154,0.0,0.0,1.428
IL11 ON,10,300052,2,227,0.4405286343612335,0.010830324909747294,1.4500938628158846
IL11 ON,10,300052,3,353,0.56657223796034,0.013245033112582781,1.455019867549669
IL11 ON,10,300052,4,514,0.7782101167315175,0.01680672268907563,1.4622857142857144
IL11 ON,10,300052,5,735,1.0884353741496597,0.021145374449339206,1.471136563876652
IL11 ON,10,300052,6,1068,1.2172284644194757,0.02270081490104773,1.4743096623981375
IL11 ON,10,300052,7,1636,1.1002444987775062,0.021293375394321766,1.4714384858044165
IL11 ON,10,300052,8,2383,1.0910616869492236,0.021178387184360575,1.4712039098560956
IL11 ON,10,300052,9,3540,1.2994350282485876,0.023630136986301366,1.476205479452055
IL11 ON,10,300052,10,5126,1.443620756925478,0.02515295717199184,1.4793120326308635
IL11 ON,10,300052,11,7714,1.4259787399533315,0.02497351294082034,1.4789459663992734
IL11 ON,10,300052,12,11594,1.526651716405037,0.025973390725885347,1.4809857170808063
IL11 ON,10,300052,13,17474,1.6309946205791463,0.02695120413567016,1.4829804564367672
IL11 ON,10,300052,14,26241,1.7339278228726038,0.02786226041517829,1.4848390112469638
IL11 ON,10,300052,15,39563,1.7491090159997977,0.02799239512964686,1.4851044860644795
IL11 ON,10,300052,16,59962,1.8661819152129684,0.02896162606114984,1.4870817171647457
IL11 ON,10,300052,17,91173,1.9731718820264772,0.029797430475422777,1.4887867581698624
IL11 ON,10,300052,18,139739,2.071003799941319,0.030523240483899882,1.4902674105871558
IL11 ON,11,300053,0,100,0.0,0.0,1.428
IL11 ON,11,300053,1,152,0.0,0.0,1.428
IL11 ON,11,300053,2,208,0.0,0.0,1.428
IL11 ON,11,300053,3,273,0.0,0.0,1.428
IL11 ON,11,300053,4,365,0.0,0.0,1.428
IL11 ON,11,300053,5,539,0.0,0.0,1.428
IL11 ON,11,300053,6,790,0.25316455696202533,0.006741573033707865,1.4417528089887641
IL11 ON,11,300053,7,1153,0.17346053772766695,0.00478850758180367,1.4377685554668795
IL11 ON,11,300053,8,1614,0.18587360594795538,0.00510204081632653,1.438408163265306
IL11 ON,11,300053,9,2330,0.38626609442060084,0.009712230215827337,1.4478129496402878
IL11 ON,11,300053,10,3363,0.44603033006244425,0.010940919037199123,1.4503194748358863
IL11 ON,11,300053,11,4865,0.6166495375128468,0.014139827179890024,1.4568452474469755
IL11 ON,11,300053,12,7001,0.7998857306099129,0.01714110805019896,1.4629678604224061
IL11 ON,11,300053,13,10358,0.820621741648967,0.017456188389923327,1.4636106243154436
IL11 ON,11,300053,14,15417,0.9016021275215671,0.01864353735413779,1.4660328162024412
IL11 ON,11,300053,15,23037,1.0504840039935757,0.020661980248740643,1.470150439707431
IL11 ON,11,300053,16,34569,1.136856721339929,0.021745144690975486,1.47236009516959
IL11 ON,11,300053,17,52347,1.2703688845588095,0.02330689159666811,1.475546058857203
IL11 ON,11,300053,18,79191,1.3789445770352693,0.024485951969863445,1.4779513420185215
IL11 ON,12,300054,0,100,0.0,0.0,1.428
IL11 ON,12,300054,1,142,0.0,0.0,1.428
IL11 ON,12,300054,2,178,0.0,0.0,1.428
IL11 ON,12,300054,3,250,0.0,0.0,1.428
IL11 ON,12,300054,4,358,0.0,0.0,1.428
IL11 ON,12,300054,5,513,0.0,0.0,1.428
IL11 ON,12,300054,6,746,0.13404825737265416,0.0037688442211055275,1.4356884422110554
IL11 ON,12,300054,7,1061,0.0,0.0,1.428
IL11 ON,12,300054,8,1494,0.06693440428380187,0.00194300518134715,1.4319637305699482
IL11 ON,12,300054,9,2212,0.27124773960216997,0.007165605095541401,1.4426178343949048
IL11 ON,12,300054,10,3295,0.24279210925644917,0.006495263870094723,1.4412503382949933
IL11 ON,12,300054,11,4799,0.41675349031048137,0.010346611484738748,1.4491070874288672
IL11 ON,12,300054,12,7049,0.4823379202723791,0.011658475254314777,1.4517832895188023
IL11 ON,12,300054,13,10314,0.649602482063215,0.014710187353629974,1.4580087822014052
IL11 ON,12,300054,14,15413,0.7007071952248103,0.015567193580934991,1.4597570749051074
IL11 ON,12,300054,15,22790,0.741553312856516,0.016229193341869397,1.4611075544174137
IL11 ON,12,300054,16,34265,0.8229972274916095,0.01749198800785692,1.4636836555360282
IL11 ON,12,300054,17,51411,0.9258718951197213,0.01898658440919546,1.466732632194759
IL11 ON,12,300054,18,77532,0.9879791569932415,0.019839077284342838,1.4684717176600595
IL11 ON,13,300055,0,100,0.0,0.0,1.428
IL11 ON,13,300055,1,144,0.0,0.0,1.428
IL11 ON,13,300055,2,237,0.0,0.0,1.428
IL11 ON,13,300055,3,356,0.2808988764044944,0.007389162561576354,1.4430738916256158
IL11 ON,13,300055,4,527,0.3795066413662239,0.009569377990430622,1.4475215311004785
IL11 ON,13,300055,5,756,0.6613756613756614,0.014910536779324053,1.458417495029821
IL11 ON,13,300055,6,1112,0.6294964028776978,0.014363885088919287,1.4573023255813955
IL11 ON,13,300055,7,1692,0.5910165484633569,0.013686131386861313,1.455919708029197
IL11 ON,13,300055,8,2489,0.7633587786259541,0.016574585635359115,1.4618121546961327
IL11 ON,13,300055,9,3667,0.654485955822198,0.014793507294020958,1.4581787548798029
IL11 ON,13,300055,10,5304,0.904977375565611,0.01869158878504673,1.4661308411214953
IL11 ON,13,300055,11,7711,0.8818570872779147,0.018360183601836017,1.4654547745477455
IL11 ON,13,300055,12,11351,0.9514580213197075,0.019342128828129662,1.4674579428093846
IL11 ON,13,300055,13,16875,1.0251851851851852,0.020333006856023506,1.469479333986288
IL11 ON,13,300055,14,25069,1.1448402409350193,0.021842258809203683,1.4725582079707755
IL11 ON,13,300055,15,37462,1.1932091185734879,0.02242025011703337,1.473737310238748
IL11 ON,13,300055,16,56370,1.2506652474720596,0.023084479371316306,1.4750923379174852
IL11 ON,13,300055,17,85581,1.3238919853705846,0.023897743811124156,1.4767513973746933
IL11 ON,13,300055,18,129921,1.392384602951024,0.024626652327211836,1.4782383707475122
IL11 ON,14,300056,0,100,0.0,0.0,1.428
IL11 ON,14,300056,1,126,0.0,0.0,1.428
IL11 ON,14,300056,2,193,0.5181347150259068,0.012345679012345677,1.4531851851851851
IL11 ON,14,300056,3,292,0.684931506849315,0.015306122448979591,1.4592244897959183
IL11 ON,14,300056,4,435,0.9195402298850575,0.01889763779527559,1.4665511811023622
IL11 ON,14,300056,5,611,0.9819967266775778,0.01975850713501646,1.4683073545554337
IL11 ON,14,300056,6,936,0.8547008547008548,0.017964071856287425,1.4646467065868263
IL11 ON,14,300056,7,1379,1.015228426395939,0.0202020202020202,1.4692121212121214
IL11 ON,14,300056,8,2076,0.8670520231213872,0.01814516129032258,1.465016129032258
IL11 ON,14,300056,9,3039,1.2833168805528135,0.02345159350571257,1.4758412507516538
IL11 ON,14,300056,10,4511,1.1749057858567944,0.022203602848764138,1.473295349811479
IL11 ON,14,300056,11,6669,1.214574898785425,0.02267002518891688,1.4742468513853904
IL11 ON,14,300056,12,9840,1.3922764227642277,0.024625524266027564,1.4782360695026961
IL11 ON,14,300056,13,14541,1.5198404511381611,0.025907545621507558,1.4808513930678755
IL11 ON,14,300056,14,21629,1.6228212122613157,0.026876643099619693,1.4828283519232242
IL11 ON,14,300056,15,32727,1.6866807223393527,0.027450395345367744,1.4839988065045502
IL11 ON,14,300056,16,49295,1.7527132569226087,0.02802313638575058,1.4851671982269312
IL11 ON,14,300056,17,74868,1.8405727413581237,0.028754660286016354,1.4866595069834736
IL11 ON,14,300056,18,113597,1.8970571405935017,0.029207533872155488,1.4875833690991973
IL11 ON,15,300057,0,100,0.0,0.0,1.428
IL11 ON,15,300057,1,145,0.0,0.0,1.428
IL11 ON,15,300057,2,214,0.0,0.0,1.428
IL11 ON,15,300057,3,310,0.3225806451612903,0.008333333333333333,1.445
IL11 ON,15,300057,4,445,0.6741573033707865,0.015126050420168066,1.4588571428571429
IL11 ON,15,300057,5,652,0.3067484662576687,0.00797872340425532,1.444276595744681
IL11 ON,15,300057,6,919,0.544069640914037,0.01283147989734816,1.4541762189905902
IL11 ON,15,300057,7,1353,0.6651884700665188,0.01497504159733777,1.458549084858569
IL11 ON,15,300057,8,1967,0.813421453990849,0.01734730755330683,1.4633885074087458
IL11 ON,15,300057,9,2934,0.8861622358554875,0.018422295701464336,1.4655814832309872
IL11 ON,15,300057,10,4299,0.9769713886950453,0.019690576652601967,1.4681687763713083
IL11 ON,15,300057,11,6281,1.0030249960197422,0.02004029265189269,1.4688821970098611
IL11 ON,15,300057,12,9340,1.2419700214132763,0.02298546895640687,1.4748903566710698
IL11 ON,15,300057,13,13987,1.215414313290913,0.022679770534086357,1.4742667318895362
IL11 ON,15,300057,14,20945,1.3225113392217713,0.02388274177324328,1.4767207932174164
IL11 ON,15,300057,15,31195,1.481006571565956,0.025527212450501886,1.480075513399024
IL11 ON,15,300057,16,46914,1.5965383467621603,0.026634583471622966,1.482334550282111
IL11 ON,15,300057,17,70910,1.7077986179664364,0.027635782747603834,1.484376996805112
IL11 ON,15,300057,18,107344,1.7606945893575792,0.028091000971046942,1.4853056419809358
IL11 ON,16,300058,0,100,0.0,0.0,1.428
IL11 ON,16,300058,1,146,0.0,0.0,1.428
IL11 ON,16,300058,2,204,0.49019607843137253,0.011811023622047242,1.4520944881889764
IL11 ON,16,300058,3,269,0.7434944237918215,0.016260162601626015,1.4611707317073173
IL11 ON,16,300058,4,377,1.3262599469496021,0.023923444976076555,1.4768038277511961
IL11 ON,16,300058,5,539,1.4842300556586272,0.025559105431309903,1.4801405750798724
IL11 ON,16,300058,6,817,1.591187270501836,0.026584867075664622,1.4822331288343558
IL11 ON,16,300058,7,1241,1.6921837228041903,0.027498908773461374,1.4840977738978611
IL11 ON,16,300058,8,1921,1.665799062988027,0.027264981539335414,1.4836205623402445
IL11 ON,16,300058,9,2988,1.572958500669344,0.02641438741101536,1.4818853503184715
IL11 ON,16,300058,10,4565,1.8181818181818181,0.02857142857142857,1.4862857142857144
IL11 ON,16,300058,11,7049,1.8726060434104126,0.0290131145138838,1.487186753608323
IL11 ON,16,300058,12,10984,1.9482884195193007,0.029607083563918092,1.488398450470393
IL11 ON,16,300058,13,17125,2.037956204379562,0.030281995661605204,1.4897752711496748
IL11 ON,16,300058,14,27020,2.009622501850481,0.030071995569503417,1.489346870961787
IL11 ON,16,300058,15,42563,2.0487277682494183,0.030361059851676468,1.48993656209742
IL11 ON,16,300058,16,67787,2.063817546137165,0.030471115241365795,1.4901610750923864
IL11 ON,16,300058,17,108847,2.007404889431955,0.030055434049986934,1.4893130854619734
IL11 ON,16,300058,18,175252,2.024513272316436,0.030182729716547757,1.4895727686217575
IL11 ON,17,300059,0,100,0.0,0.0,1.428
IL11 ON,17,300059,1,161,0.0,0.0,1.428
IL11 ON,17,300059,2,234,0.0,0.0,1.428
IL11 ON,17,300059,3,354,0.0,0.0,1.428
IL11 ON,17,300059,4,515,0.0,0.0,1.428
IL11 ON,17,300059,5,736,0.0,0.0,1.428
IL11 ON,17,300059,6,1034,0.0,0.0,1.428
IL11 ON,17,300059,7,1481,0.0675219446320054,0.001959503592423253,1.4319973873285436
IL11 ON,17,300059,8,2131,0.09385265133740028,0.002689376961004034,1.4334863290004483
IL11 ON,17,300059,9,3057,0.13084723585214264,0.00368437212158428,1.435516119128032
IL11 ON,17,300059,10,4374,0.1600365797896662,0.004445385266723116,1.4370685859441152
IL11 ON,17,300059,11,6470,0.32457496136012365,0.008377659574468085,1.4450904255319148
IL11 ON,17,300059,12,9502,0.47358450852452116,0.011487406398910823,1.4514343090537782
IL11 ON,17,300059,13,13867,0.5264296531333381,0.012502140777530398,1.4535043671861623
IL11 ON,17,300059,14,20294,0.6553661180644526,0.014808491686460807,1.45820932304038
IL11 ON,17,300059,15,30268,0.7797013347429629,0.016829894456594083,1.462332984691452
IL11 ON,17,300059,16,44860,0.8693713776192599,0.01817899316345556,1.4650851460534493
IL11 ON,17,300059,17,66823,0.9188453077533184,0.018887852096428532,1.4665312182767143
IL11 ON,17,300059,18,100528,1.023595416202451,0.020312150442827248,1.4694367869033675
IL11 ON,18,300060,0,100,0.0,0.0,1.428
IL11 ON,18,300060,1,135,0.0,0.0,1.428
IL11 ON,18,300060,2,201,0.9950248756218906,0.019933554817275746,1.4686644518272427
IL11 ON,18,300060,3,292,1.36986301369863,0.024390243902439022,1.4777560975609756
IL11 ON,18,300060,4,471,1.2738853503184715,0.023346303501945526,1.475626459143969
IL11 ON,18,300060,5,709,1.4104372355430184,0.024813895781637715,1.478620347394541
IL11 ON,18,300060,6,1065,0.9389671361502347,0.019169329073482427,1.4671054313099041
IL11 ON,18,300060,7,1592,1.3819095477386936,0.02451708766716196,1.4780148588410107
IL11 ON,18,300060,8,2347,1.2356199403493822,0.022912825915196205,1.4747421648670003
IL11 ON,18,300060,9,3541,1.468511719853149,0.025403028822667314,1.4798221787982415
IL11 ON,18,300060,10,5345,1.4967259120673526,0.025682182985553772,1.4803916532905297
IL11 ON,18,300060,11,8189,1.4898033947978995,0.02561410875498635,1.480252781860172
IL11 ON,18,300060,12,12375,1.6888888888888887,0.027469879518072282,1.4840385542168675
IL11 ON,18,300060,13,18992,1.7691659646166806,0.028162717925793473,1.4854519445686187
IL11 ON,18,300060,14,28928,1.8494192477876106,0.02882646646790473,1.4868059915945258
IL11 ON,18,300060,15,44349,1.9639676204649483,0.029727300651884545,1.4886436933298444
IL11 ON,18,300060,16,68493,1.9929043843896457,0.02994668831311292,1.4890912441587505
IL11 ON,18,300060,17,106263,2.051513697147643,0.030381440377584622,1.4899781383702726
IL11 ON,18,300060,18,166452,2.1423593588542045,0.031031001995637443,1.4913032440711003
IL11 ON,19,300061,0,100,0.0,0.0,1.428
IL11 ON,19,300061,1,139,0.0,0.0,1.428
IL11 ON,19,300061,2,195,0.0,0.0,1.428
IL11 ON,19,300061,3,266,0.0,0.0,1.428
IL11 ON,19,300061,4,386,0.5181347150259068,0.012345679012345677,1.4531851851851851
IL11 ON,19,300061,5,566,0.7067137809187279,0.015665796344647518,1.459958224543081
IL11 ON,19,300061,6,845,0.9467455621301776,0.019277108433734938,1.4673253012048193
IL11 ON,19,300061,7,1295,0.9266409266409266,0.01899736147757256,1.4667546174142483
IL11 ON,19,300061,8,1984,0.8064516129032258,0.017241379310344824,1.4631724137931035
IL11 ON,19,300061,9,2986,0.7367716008037508,0.016152716593245225,1.4609515418502204
IL11 ON,19,300061,10,4542,0.8806693086745927,0.018343014368694587,1.465419749312137
IL11 ON,19,300061,11,6862,0.9035266686097347,0.018670949608512344,1.4660887372013653
IL11 ON,19,300061,12,10249,1.0537613425700068,0.020704198351332352,1.4702365646367181
IL11 ON,19,300061,13,15667,1.1106146677730262,0.021422415562030617,1.4717017277465423
IL11 ON,19,300061,14,23804,1.222483616198958,0.022761641549773164,1.4744337487615373
IL11 ON,19,300061,15,36520,1.3581599123767798,0.024266144814090018,1.4775029354207436
IL11 ON,19,300061,16,56583,1.4545004683385467,0.02526270553446635,1.4795359192903115
IL11 ON,19,300061,17,89036,1.5297183161867112,0.02600295285612463,1.4810460238264944
IL11 ON,19,300061,18,140374,1.6185333466311427,0.02683739280398781,1.4827482813201351
IL11 ON,20,300062,0,100,0.0,0.0,1.428
IL11 ON,20,300062,1,141,0.0,0.0,1.428
IL11 ON,20,300062,2,208,0.4807692307692308,0.011627906976744188,1.4517209302325582
IL11 ON,20,300062,3,294,1.0204081632653061,0.020270270270270268,1.4693513513513516
IL11 ON,20,300062,4,449,0.8908685968819599,0.01848998459167951,1.4657195685670261
IL11 ON,20,300062,5,660,1.0606060606060608,0.020792079207920793,1.4704158415841584
IL11 ON,20,300062,6,963,1.453790238836968,0.025255562236921228,1.4795213469633193
IL11 ON,20,300062,7,1456,1.6483516483516485,0.02710843373493976,1.4833012048192773
IL11 ON,20,300062,8,2163,1.9879796578825704,0.029909575701367954,1.4890155344307907
IL11 ON,20,300062,9,3225,2.2325581395348837,0.03164835164835165,1.4925626373626373
IL11 ON,20,300062,10,4797,1.938711694809256,0.029533185138139087,1.4882476976818035
IL11 ON,20,300062,11,7136,2.3122197309417043,0.032172104510594046,1.4936310932016117
IL11 ON,20,300062,12,10653,2.4500140805406927,0.03303379319073535,1.4953889381091001
IL11 ON,20,300062,13,16025,2.421216848673947,0.03285815102328864,1.495030628087509
IL11 ON,20,300062,14,24368,2.630499015101773,0.034084866531957886,1.4975331277251942
IL11 ON,20,300062,15,36905,2.747595176805311,0.034724045431196844,1.4988370526796415
IL11 ON,20,300062,16,56490,2.857142857142857,0.03529411764705882,1.5000000000000002
IL11 ON,20,300062,17,86632,2.9377135469572444,0.035697253625831066,1.5008223973966954
IL11 ON,20,300062,18,133291,3.0032035171166847,0.03601536703644723,1.5014713487543523
IL11 ON,21,300063,0,100,0.0,0.0,1.428
IL11 ON,21,300063,1,148,0.0,0.0,1.428
IL11 ON,21,300063,2,207,0.4830917874396135,0.011673151750972761,1.4518132295719846
IL11 ON,21,300063,3,294,0.6802721088435374,0.015228426395939085,1.4590659898477158
IL11 ON,21,300063,4,430,0.46511627906976744,0.011320754716981131,1.4510943396226414
IL11 ON,21,300063,5,623,0.6420545746388443,0.014580801944106925,1.4577448359659781
IL11 ON,21,300063,6,928,0.8620689655172413,0.018072289156626505,1.464867469879518
IL11 ON,21,300063,7,1417,0.9880028228652082,0.019839395370807745,1.4684723665564479
IL11 ON,21,300063,8,2125,0.8470588235294116,0.01785123966942149,1.4644165289256197
IL11 ON,21,300063,9,3090,0.8414239482200648,0.017767653758542144,1.4642460136674262
IL11 ON,21,300063,10,4606,0.7815892314372557,0.016859194505151418,1.462392756790509
IL11 ON,21,300063,11,6845,0.8619430241051863,0.01807044410413476,1.464863705972435
IL11 ON,21,300063,12,10145,1.0448496796451454,0.020589187439300743,1.4700019423761737
IL11 ON,21,300063,13,14979,1.074838106682689,0.020973555082721786,1.4707860523687526
IL11 ON,21,300063,14,22177,1.1994408621544843,0.022493446458268732,1.4738866307748681
IL11 ON,21,300063,15,32520,1.3068880688806888,0.023712107122931002,1.4763726985307792
IL11 ON,21,300063,16,48335,1.4358125581876486,0.025073764075389894,1.4791504787137955
IL11 ON,21,300063,17,72110,1.5157398419081958,0.02586778163458504,1.4807702745345537
IL11 ON,21,300063,18,108642,1.6107950884556619,0.02676632235829144,1.4826032976109145
IL11 ON,22,300064,0,100,0.0,0.0,1.428
IL11 ON,22,300064,1,138,0.0,0.0,1.428
IL11 ON,22,300064,2,196,0.0,0.0,1.428
IL11 ON,22,300064,3,276,0.0,0.0,1.428
IL11 ON,22,300064,4,377,0.0,0.0,1.428
IL11 ON,22,300064,5,526,0.19011406844106463,0.005208333333333334,1.438625
IL11 ON,22,300064,6,755,0.3973509933774834,0.009944751381215469,1.4482872928176795
IL11 ON,22,300064,7,1091,0.6416131989000917,0.014573213046495488,1.4577293546148509
IL11 ON,22,300064,8,1617,0.6802721088435374,0.015228426395939085,1.4590659898477158
IL11 ON,22,300064,9,2344,0.7679180887372014,0.01664611590628853,1.4619580764488285
IL11 ON,22,300064,10,3421,1.140017538731365,0.021783652951033326,1.472438652020108
IL11 ON,22,300064,11,5172,1.0634184068058778,0.02082807371875789,1.4704892703862662
IL11 ON,22,300064,12,7693,1.0789028987391136,0.021025078105209826,1.470891159334628
IL11 ON,22,300064,13,11502,1.1389323595896366,0.021770440948371373,1.4724116995346777
IL11 ON,22,300064,14,17304,1.2829403606102634,0.023447401774397972,1.4758326996197717
IL11 ON,22,300064,15,25938,1.4226231783483692,0.024939172749391725,1.4788759124087592
IL11 ON,22,300064,16,39189,1.5106279823419837,0.025818081379290297,1.4806688860137522
IL11 ON,22,300064,17,59414,1.5703369576194164,0.026389726957308794,1.48183504299291
IL11 ON,22,300064,18,90521,1.6139901238386674,0.026795703394856055,1.4826632349255062
IL11 ON,23,300065,0,100,0.0,0.0,1.428
IL11 ON,23,300065,1,149,0.0,0.0,1.428
IL11 ON,23,300065,2,230,0.43478260869565216,0.010714285714285714,1.449857142857143
IL11 ON,23,300065,3,325,0.9230769230769231,0.018947368421052633,1.4666526315789474
IL11 ON,23,300065,4,440,0.9090909090909091,0.018749999999999996,1.46625
IL11 ON,23,300065,5,656,0.7621951219512195,0.016556291390728475,1.461774834437086
IL11 ON,23,300065,6,967,0.3102378490175801,0.008057296329453893,1.444436884512086
IL11 ON,23,300065,7,1377,0.5809731299927379,0.013505908835115363,1.4555520540236355
IL11 ON,23,300065,8,2024,0.592885375494071,0.01371951219512195,1.4559878048780488
IL11 ON,23,300065,9,2941,0.9180550833049982,0.018876718713586572,1.4665085061757166
IL11 ON,23,300065,10,4291,1.072011186203682,0.020937642239417388,1.4707127901684114
IL11 ON,23,300065,11,6380,1.128526645768025,0.021643286573146292,1.4721523046092186
IL11 ON,23,300065,12,9429,1.1772192173083043,0.022231123573002207,1.4733514920889246
IL11 ON,23,300065,13,14071,1.2152654395565348,0.022678042526855575,1.4742632067547854
IL11 ON,23,300065,14,21032,1.3503233168505135,0.024182561307901907,1.47733242506812
IL11 ON,23,300065,15,31856,1.4628327473631342,0.025346290521430122,1.4797064326637173
IL11 ON,23,300065,16,47877,1.5686028782087431,0.02637339482833296,1.4818017254497993
IL11 ON,23,300065,17,72621,1.6799548340011843,0.027390904124351714,1.4838774444136775
IL11 ON,23,300065,18,110647,1.7795331097996332,0.02825004662907645,1.485630095123316
IL11 ON,24,300066,0,100,0.0,0.0,1.428
IL11 ON,24,300066,1,139,0.0,0.0,1.428
IL11 ON,24,300066,2,192,0.0,0.0,1.428
IL11 ON,24,300066,3,274,0.0,0.0,1.428
IL11 ON,24,300066,4,395,0.25316455696202533,0.006741573033707865,1.4417528089887641
IL11 ON,24,300066,5,571,0.5253940455341506,0.01248266296809986,1.4534646324549236
IL11 ON,24,300066,6,849,0.8244994110718492,0.01751459549624687,1.4637297748123437
IL11 ON,24,300066,7,1314,0.91324200913242,0.018808777429467082,1.466369905956113
IL11 ON,24,300066,8,1953,0.4608294930875576,0.011235955056179775,1.4509213483146068
IL11 ON,24,300066,9,2972,0.5047106325706594,0.012090274046211715,1.452664159054272
IL11 ON,24,300066,10,4371,0.5719514985129261,0.013342821561999643,1.4552193559864794
IL11 ON,24,300066,11,6400,0.578125,0.013454545454545453,1.4554472727272727
IL11 ON,24,300066,12,9386,0.6712124440656297,0.015076579451180601,1.4587562220804084
IL11 ON,24,300066,13,13907,0.8844466815272884,0.018397566934237424,1.4655310365458445
IL11 ON,24,300066,14,20794,0.9762431470616524,0.01968071354705274,1.4681486556359877
IL11 ON,24,300066,15,31141,1.1046530297678303,0.0213483378498583,1.471550609213711
IL11 ON,24,300066,16,46868,1.1543057096526415,0.0219567628994291,1.4727917963148354
IL11 ON,24,300066,17,70989,1.255124033300934,0.023135045309376052,1.4751954924311272
IL11 ON,24,300066,18,107836,1.3483437812975259,0.024161386094740105,1.4772892276332699
IL11 ON,25,300067,0,100,0.0,0.0,1.428
IL11 ON,25,300067,1,153,0.0,0.0,1.428
IL11 ON,25,300067,2,243,0.0,0.0,1.428
IL11 ON,25,300067,3,321,0.0,0.0,1.428
IL11 ON,25,300067,4,452,0.0,0.0,1.428
IL11 ON,25,300067,5,662,0.1510574018126888,0.004213483146067416,1.4365955056179773
IL11 ON,25,300067,6,941,0.21253985122210414,0.005763688760806916,1.4397579250720463
IL11 ON,25,300067,7,1411,0.3543586109142452,0.009030704394942805,1.4464226369656834
IL11 ON,25,300067,8,2100,0.33333333333333337,0.008571428571428572,1.4454857142857145
IL11 ON,25,300067,9,3009,0.33233632436025257,0.0085494442861214,1.4454408663436877
IL11 ON,25,300067,10,4412,0.5666364460562103,0.013246202755210172,1.455022253620629
IL11 ON,25,300067,11,6584,0.5771567436208992,0.013437057991513438,1.4554115983026874
IL11 ON,25,300067,12,9781,0.695225437071874,0.015476822699339957,1.4595727183066536
IL11 ON,25,300067,13,14534,0.7774872712260905,0.016795481569560046,1.4622627824019025
IL11 ON,25,300067,14,21671,0.7752295694707212,0.0167603338764923,1.4621910811080443
IL11 ON,25,300067,15,32413,0.9378952889272824,0.019154432612941846,1.4670750425304016
IL11 ON,25,300067,16,49258,1.0536359576109464,0.020702584831400913,1.4702332730560579
IL11 ON,25,300067,17,75089,1.197245934824009,0.0224676979981506,1.4738341039162273
IL11 ON,25,300067,18,114980,1.358497129935641,0.024269732753262895,1.4775102548166563
IL11 ON,26,300068,0,100,0.0,0.0,1.428
IL11 ON,26,300068,1,142,0.0,0.0,1.428
IL11 ON,26,300068,2,210,0.0,0.0,1.428
IL11 ON,26,300068,3,299,0.0,0.0,1.428
IL11 ON,26,300068,4,446,0.2242152466367713,0.0060483870967741925,1.4403387096774194
IL11 ON,26,300068,5,617,0.1620745542949757,0.004497751124437781,1.4371754122938531
IL11 ON,26,300068,6,883,0.0,0.0,1.428
IL11 ON,26,300068,7,1252,0.0,0.0,1.428
IL11 ON,26,300068,8,1799,0.16675931072818231,0.004617752693689071,1.4374202154951257
IL11 ON,26,300068,9,2610,0.19157088122605362,0.005244755244755245,1.4386993006993007
IL11 ON,26,300068,10,3777,0.3441885093989939,0.008809577592048791,1.4459715382877798
IL11 ON,26,300068,11,5437,0.5149898841272761,0.01228609039052216,1.4530636243966653
IL11 ON,26,300068,12,7900,0.46835443037974683,0.011384615384615385,1.4512246153846153
IL11 ON,26,300068,13,11661,0.6002915701912357,0.01385132906800343,1.456256711298727
IL11 ON,26,300068,14,17215,0.7493465001452222,0.016353264314388338,1.4613606592013524
IL11 ON,26,300068,15,25303,0.8457495158676837,0.017831847346054492,1.4643769685859513
IL11 ON,26,300068,16,37485,0.9096972122182205,0.018758595397451176,1.4662675346108003
IL11 ON,26,300068,17,56126,0.9532124149235648,0.01936628215647473,1.4675072155992086
IL11 ON,26,300068,18,84407,1.0603385975096853,0.020788652570127828,1.470408851243061
IL11 ON,27,300069,0,100,0.0,0.0,1.428
IL11 ON,27,300069,1,148,0.0,0.0,1.428
IL11 ON,27,300069,2,204,0.0,0.0,1.428
IL11 ON,27,300069,3,288,0.0,0.0,1.428
IL11 ON,27,300069,4,397,0.5037783375314862,0.012072434607645873,1.4526277665995977
IL11 ON,27,300069,5,618,0.6472491909385114,0.01466992665036675,1.4579266503667483
IL11 ON,27,300069,6,906,0.6622516556291391,0.014925373134328358,1.4584477611940299
IL11 ON,27,300069,7,1291,0.6196746707978312,0.014192785334121823,1.4569532820816087
IL11 ON,27,300069,8,1871,0.694815606627472,0.015470051566838556,1.459558905196351
IL11 ON,27,300069,9,2708,0.6646971935007385,0.014966740576496674,1.4585321507760531
IL11 ON,27,300069,10,3958,0.7579585649317837,0.016489556614144373,1.4616386954928546
IL11 ON,27,300069,11,5782,0.7436873054306469,0.01626323751891074,1.461177004538578
IL11 ON,27,300069,12,8540,0.819672131147541,0.01744186046511628,1.4635813953488372
IL11 ON,27,300069,13,12395,0.9600645421540944,0.01946034341782502,1.4676991005723632
IL11 ON,27,300069,14,18261,1.089754120803899,0.021161958101449788,1.4711703945269576
IL11 ON,27,300069,15,27100,1.2287822878228782,0.02283428571428571,1.474581942857143
IL11 ON,27,300069,16,40684,1.3740045226624718,0.024433954016959525,1.4778452661945976
IL11 ON,27,300069,17,61217,1.4832481173530228,0.02554939643771631,1.4801207687329414
IL11 ON,27,300069,18,92203,1.5530948016875807,0.026226625885972785,1.4815023168073846
IL11 ON,28,300070,0,100,0.0,0.0,1.428
IL11 ON,28,300070,1,139,0.0,0.0,1.428
IL11 ON,28,300070,2,212,0.0,0.0,1.428
IL11 ON,28,300070,3,298,0.33557046979865773,0.008620689655172414,1.4455862068965517
IL11 ON,28,300070,4,420,0.4761904761904762,0.011538461538461539,1.4515384615384617
IL11 ON,28,300070,5,581,0.6884681583476765,0.015364916773367477,1.45934443021767
IL11 ON,28,300070,6,878,0.5694760820045558,0.013297872340425532,1.455127659574468
IL11 ON,28,300070,7,1307,0.6885998469778117,0.015367103016505405,1.459348890153671
IL11 ON,28,300070,8,1891,0.9518773135906927,0.01934790397706915,1.467469724113221
IL11 ON,28,300070,9,2748,1.0917030567685588,0.0211864406779661,1.471220338983051
IL11 ON,28,300070,10,4030,1.0918114143920596,0.02118780096308186,1.471223113964687
IL11 ON,28,300070,11,6053,1.2060135470014868,0.022570339070390598,1.4740434917035967
IL11 ON,28,300070,12,9046,1.2160070749502543,0.0226866492506531,1.4742807644713325
IL11 ON,28,300070,13,13401,1.2163271397656892,0.02269036239617651,1.4742883392882
IL11 ON,28,300070,14,19833,1.2554832854333686,0.023139113465291326,1.4752037914691944
IL11 ON,28,300070,15,29701,1.3938924615332817,0.024642368206980018,1.4782704311422392
IL11 ON,28,300070,16,44726,1.4801234181460448,0.02551846426644052,1.4800576671035386
IL11 ON,28,300070,17,67394,1.5357450218120308,0.02606090109447391,1.4811642382327266
IL11 ON,28,300070,18,101910,1.5641252085173192,0.026331149165794834,1.4817155442982215
IL11 ON,29,300071,0,100,0.0,0.0,1.428
IL11 ON,29,300071,1,141,0.0,0.0,1.428
IL11 ON,29,300071,2,206,0.0,0.0,1.428
IL11 ON,29,300071,3,321,0.6230529595015576,0.014251781472684084,1.4570736342042756
IL11 ON,29,300071,4,472,0.847457627118644,0.017857142857142856,1.4644285714285714
IL11 ON,29,300071,5,731,0.8207934336525308,0.01745877788554801,1.463615906886518
IL11 ON,29,300071,6,1069,1.216089803554724,0.02268760907504363,1.474282722513089
IL11 ON,29,300071,7,1574,0.8259212198221092,0.01753597122302158,1.463773381294964
IL11 ON,29,300071,8,2345,1.1513859275053304,0.02192151556156969,1.4727198917456021
IL11 ON,29,300071,9,3420,1.432748538011696,0.025042589437819424,1.4790868824531516
IL11 ON,29,300071,10,5150,1.6310679611650485,0.02695187165775401,1.4829818181818184
IL11 ON,29,300071,11,7803,1.7429193899782136,0.02793946449359721,1.4849965075669385
IL11 ON,29,300071,12,11745,1.728395061728395,0.027814569536423837,1.4847417218543046
IL11 ON,29,300071,13,17845,1.8772765480526759,0.029050440815146697,1.4872628992628993
IL11 ON,29,300071,14,27079,2.134495365412312,0.030975901677414742,1.4911908394219262
IL11 ON,29,300071,15,41290,2.1240009687575685,0.030902043692741365,1.4910401691331925
IL11 ON,29,300071,16,63554,2.245334676023539,0.031733677281622484,1.49273670165451
IL11 ON,29,300071,17,98275,2.3597049096921903,0.032475201307036995,1.4942494106663555
IL11 ON,29,300071,18,152770,2.427832689664201,0.032898704984921055,1.4951133581692388
