replicate,seed,generation,extended_extinction,total,sensitive,resistant,effective_genotypes,resistant_percent
0,100042,0,False,100,100,0,1.0,0.0
0,100042,1,False,158,158,0,1.165511699956745,0.0
0,100042,2,False,205,205,0,1.351821432401564,0.0
0,100042,3,False,301,301,0,1.4081248525709864,0.0
0,100042,4,False,413,413,0,1.6709883524051878,0.0
0,100042,5,False,581,581,0,1.8753546254750753,0.0
0,100042,6,False,828,828,0,2.1256882573106255,0.0
0,100042,7,False,1211,1211,0,2.378609481955422,0.0
0,100042,8,False,1678,1676,2,2.63951990763833,0.11918951132300358
0,100042,9,False,2552,2548,4,2.9578419508135885,0.15673981191222572
0,100042,10,False,3728,3717,11,3.566834975236261,0.29506437768240346
0,100042,11,False,5505,5482,23,4.174785459464992,0.4178019981834696
0,100042,12,False,8034,7986,48,4.846666933452961,0.5974607916355489
0,100042,13,False,11757,11691,66,5.686799809904347,0.5613676958407757
0,100042,14,False,17328,17203,125,6.656372463580368,0.721375807940905
0,100042,15,False,25428,25223,205,7.789337898822133,0.8061978920874626
0,100042,16,False,3992,3702,290,10.601388933942292,7.264529058116232
0,100042,17,False,980,556,424,12.341834630190053,43.265306122448976
0,100042,18,False,680,114,566,8.790520934532053,83.23529411764706
0,100042,19,False,810,14,796,6.682358055674892,98.27160493827161
0,100042,20,False,1141,7,1134,6.6959971922353265,99.38650306748467
0,100042,21,False,1562,4,1558,7.109878924934015,99.74391805377721
0,100042,22,False,2146,0,2146,7.680762261959186,100.0
0,100042,23,False,3007,0,3007,8.728677043528686,100.0
0,100042,24,False,4296,0,4296,9.838710593963503,100.0
0,100042,25,False,6084,0,6084,11.385616634413225,100.0
0,100042,26,False,8749,0,8749,12.629989004021255,100.0
0,100042,27,False,12639,0,12639,13.90057394424689,100.0
0,100042,28,False,18476,0,18476,15.488818829620419,100.0
0,100042,29,False,26974,0,26974,17.577383178097044,100.0
0,100042,30,False,39236,0,39236,19.351570703978656,100.0
0,100042,31,False,58166,0,58166,21.205442988338362,100.0
0,100042,32,False,86803,0,86803,23.360520232073547,100.0
0,100042,33,False,130009,0,130009,25.392253597227096,100.0
0,100042,34,False,196167,0,196167,27.299788699134275,100.0
0,100042,35,False,298565,0,298565,29.370645366635447,100.0
0,100042,36,False,456897,0,456897,31.524210887774434,100.0
0,100042,37,False,703924,0,703924,33.409136512214886,100.0
0,100042,38,False,1090989,0,1090989,35.349989732929906,100.0
1,100043,0,False,100,100,0,1.0,0.0
1,100043,1,False,137,137,0,1.0901507595272815,0.0
1,100043,2,False,201,201,0,1.3065966804599836,0.0
1,100043,3,False,304,304,0,1.5008161057625262,0.0
1,100043,4,False,453,451,2,1.9055751386280277,0.44150110375275936
1,100043,5,False,657,655,2,2.171079652801362,0.30441400304414
1,100043,6,False,930,925,5,2.50628151659635,0.5376344086021505
1,100043,7,False,1355,1345,10,2.5503803225330013,0.7380073800738007
1,100043,8,False,1968,1953,15,3.0628406642083457,0.7621951219512195
1,100043,9,False,2787,2762,25,3.648025745790553,0.897021887334051
1,100043,10,False,4016,3968,48,4.039149023097839,1.1952191235059761
1,100043,11,False,5824,5747,77,4.8032054036855145,1.3221153846153846
1,100043,12,False,8450,8332,118,5.5240165264361,1.3964497041420119
1,100043,13,False,12406,12226,180,6.353838316974825,1.4509108495889087
1,100043,14,False,18176,17884,292,7.547993151735859,1.6065140845070423
1,100043,15,False,26870,26437,433,8.81349358040456,1.611462597692594
1,100043,16,False,4647,4036,611,11.556193400606928,13.148267699591134
1,100043,17,False,1486,628,858,10.627181065245418,57.738896366083445
1,100043,18,False,1258,79,1179,5.26360253347651,93.7201907790143
1,100043,19,False,1678,10,1668,4.758141975901135,99.40405244338498
1,100043,20,False,2299,2,2297,4.9929657900209605,99.91300565463244
1,100043,21,False,3262,0,3262,5.803945158655936,100.0
1,100043,22,False,4593,0,4593,6.417642412085667,100.0
1,100043,23,False,6471,0,6471,7.415271797230572,100.0
1,100043,24,False,9200,0,9200,8.575033436874849,100.0
1,100043,25,False,13053,0,13053,10.083233606116837,100.0
1,100043,26,False,18474,0,18474,11.59819667473577,100.0
1,100043,27,False,26650,0,26650,13.598251113580943,100.0
1,100043,28,False,38788,0,38788,15.378164899089255,100.0
1,100043,29,False,56519,0,56519,17.24135793037074,100.0
1,100043,30,False,82875,0,82875,19.53708483330374,100.0
1,100043,31,False,122793,0,122793,21.677243670195423,100.0
1,100043,32,False,183175,0,183175,24.46040105852767,100.0
1,100043,33,False,275585,0,275585,26.940241687048257,100.0
1,100043,34,False,416495,0,416495,29.566047628423572,100.0
1,100043,35,False,634325,0,634325,32.23743774785455,100.0
1,100043,36,False,971070,0,971070,34.84323469807223,100.0
1,100043,37,False,1496600,0,1496600,37.45027697701869,100.0
2,100044,0,False,100,100,0,1.0,0.0
2,100044,1,False,146,146,0,1.0418105330394705,0.0
2,100044,2,False,213,212,1,1.188013255860165,0.4694835680751174
2,100044,3,False,299,299,0,1.418706041527257,0.0
2,100044,4,False,428,427,1,1.6648021849398886,0.2336448598130841
2,100044,5,False,600,597,3,1.8276960642879079,0.5
2,100044,6,False,862,855,7,1.9239816880260694,0.8120649651972158
2,100044,7,False,1230,1219,11,2.222048780013728,0.8943089430894309
2,100044,8,False,1704,1687,17,2.460422457372377,0.9976525821596244
2,100044,9,False,2476,2448,28,2.7158434593389775,1.1308562197092085
2,100044,10,False,3551,3510,41,3.160478322815289,1.1546043368065333
2,100044,11,False,5024,4971,53,3.611041825626265,1.054936305732484
2,100044,12,False,7325,7223,102,4.1400164250797085,1.3924914675767919
2,100044,13,False,10633,10480,153,4.750728153310925,1.4389165804570676
2,100044,14,False,15461,15236,225,5.511245736002264,1.4552745618006597
2,100044,15,False,22608,22251,357,6.371303578403631,1.5790870488322717
2,100044,16,False,3758,3271,487,9.264868481340399,12.959020755721129
2,100044,17,False,1188,543,645,7.357467430430538,54.292929292929294
2,100044,18,False,988,84,904,3.655588402354268,91.49797570850203
2,100044,19,False,1261,8,1253,2.7877674573803293,99.36558287073751
2,100044,20,False,1748,2,1746,3.2089410910188843,99.88558352402745
2,100044,21,False,2430,0,2430,3.7351322357876096,100.0
2,100044,22,False,3374,0,3374,4.079459880845705,100.0
2,100044,23,False,4641,0,4641,4.460827905197164,100.0
2,100044,24,False,6548,0,6548,5.1229451269921675,100.0
2,100044,25,False,9170,0,9170,5.682850539873465,100.0
2,100044,26,False,12989,0,12989,6.563246113948924,100.0
2,100044,27,False,18612,0,18612,7.4297901226927054,100.0
2,100044,28,False,26747,0,26747,8.350074670102233,100.0
2,100044,29,False,38621,0,38621,9.33161064459173,100.0
2,100044,30,False,56340,0,56340,10.489113469468592,100.0
2,100044,31,False,82382,0,82382,11.635872799363094,100.0
2,100044,32,False,121958,0,121958,12.908755918697768,100.0
2,100044,33,False,181392,0,181392,14.287666220093206,100.0
2,100044,34,False,270591,0,270591,15.696673300174101,100.0
2,100044,35,False,407920,0,407920,17.073063252294983,100.0
2,100044,36,False,618264,0,618264,18.55766724543745,100.0
2,100044,37,False,944137,0,944137,19.941204461003565,100.0
2,100044,38,False,1451133,0,1451133,21.320701339923502,100.0
3,100045,0,False,100,100,0,1.0,0.0
3,100045,1,False,137,137,0,1.1381374293030968,0.0
3,100045,2,False,171,171,0,1.4457698631652793,0.0
3,100045,3,False,253,253,0,1.5250137526440168,0.0
3,100045,4,False,347,347,0,1.8500474828991702,0.0
3,100045,5,False,488,488,0,1.8597693469397152,0.0
3,100045,6,False,724,724,0,2.191151874158186,0.0
3,100045,7,False,1075,1075,0,2.2746539071668375,0.0
3,100045,8,False,1506,1503,3,2.6122274155992486,0.199203187250996
3,100045,9,False,2284,2277,7,2.860766716127864,0.3064798598949212
3,100045,10,False,3275,3264,11,3.189946999517719,0.33587786259541985
3,100045,11,False,4744,4725,19,3.5552828495049895,0.40050590219224286
3,100045,12,False,6926,6891,35,4.059838393909798,0.5053421888535952
3,100045,13,False,10022,9964,58,4.7315413748929815,0.578726801037717
3,100045,14,False,14772,14680,92,5.393377137040415,0.6227998916869754
3,100045,15,False,21493,21339,154,6.301255727454189,0.7165123528590704
3,100045,16,False,3321,3114,207,8.5766091383268,6.233062330623306
3,100045,17,False,712,410,302,10.195446199183746,42.41573033707865
3,100045,18,False,463,47,416,5.754695803594923,89.8488120950324
3,100045,19,False,607,10,597,4.89601651484153,98.35255354200989
3,100045,20,False,816,3,813,5.018024612650306,99.63235294117646
3,100045,21,False,1159,0,1159,5.258820310342667,100.0
3,100045,22,False,1587,0,1587,6.1448510769582585,100.0
3,100045,23,False,2198,0,2198,7.241570982220846,100.0
3,100045,24,False,3161,0,3161,7.974905911146837,100.0
3,100045,25,False,4551,0,4551,9.571240708122037,100.0
3,100045,26,False,6620,0,6620,11.231434886649295,100.0
3,100045,27,False,9710,0,9710,12.55072536461483,100.0
3,100045,28,False,14323,0,14323,14.021784795558434,100.0
3,100045,29,False,21391,0,21391,15.326844306239524,100.0
3,100045,30,False,32234,0,32234,16.222021645449892,100.0
3,100045,31,False,48340,0,48340,17.48310511826208,100.0
3,100045,32,False,73780,0,73780,18.742021527783336,100.0
3,100045,33,False,112972,0,112972,20.049640523591037,100.0
3,100045,34,False,174390,0,174390,21.32088219172563,100.0
3,100045,35,False,269872,0,269872,22.746589887139667,100.0
3,100045,36,False,420011,0,420011,24.1383044770799,100.0
3,100045,37,False,657137,0,657137,25.52837223309495,100.0
3,100045,38,False,1034066,0,1034066,26.943882269787434,100.0
4,100046,0,False,100,100,0,1.0,0.0
4,100046,1,False,133,133,0,1.0,0.0
4,100046,2,False,184,184,0,1.1443871723190973,0.0
4,100046,3,False,258,258,0,1.196242899486475,0.0
4,100046,4,False,353,352,1,1.2911273569799138,0.28328611898017
4,100046,5,False,513,511,2,1.5340699688184007,0.3898635477582846
4,100046,6,False,750,744,6,1.68180454349121,0.8
4,100046,7,False,1092,1084,8,1.9485669233884624,0.7326007326007326
4,100046,8,False,1604,1595,9,2.238483117583192,0.5610972568578554
4,100046,9,False,2379,2357,22,2.50200498187353,0.9247583018074821
4,100046,10,False,3387,3352,35,2.878371064920312,1.0333628579864187
4,100046,11,False,4849,4807,42,3.2115948129028027,0.8661579707156115
4,100046,12,False,7023,6958,65,3.764207781019761,0.9255304001139114
4,100046,13,False,10165,10053,112,4.261255332875161,1.1018199704869651
4,100046,14,False,14820,14635,185,4.902822592056485,1.2483130904183535
4,100046,15,False,21660,21388,272,5.578568254776706,1.2557710064635272
4,100046,16,False,3398,3030,368,8.52805950283407,10.829899941141848
4,100046,17,False,946,419,527,10.454629739146188,55.708245243128964
4,100046,18,False,801,61,740,7.335389843420067,92.38451935081149
4,100046,19,False,1054,4,1050,6.4194964317342285,99.62049335863378
4,100046,20,False,1478,0,1478,7.067577446118684,100.0
4,100046,21,False,2111,0,2111,8.10060375058773,100.0
4,100046,22,False,3032,0,3032,9.265789436901304,100.0
4,100046,23,False,4349,0,4349,10.381886485805511,100.0
4,100046,24,False,6421,0,6421,11.465048020194168,100.0
4,100046,25,False,9185,0,9185,13.358528410865022,100.0
4,100046,26,False,13365,0,13365,14.81805857109813,100.0
4,100046,27,False,19722,0,19722,16.57416322233683,100.0
4,100046,28,False,29208,0,29208,18.150342132361196,100.0
4,100046,29,False,44009,0,44009,20.249137314964507,100.0
4,100046,30,False,66288,0,66288,22.073255721197967,100.0
4,100046,31,False,100192,0,100192,23.91110032166282,100.0
4,100046,32,False,153078,0,153078,25.555594147684342,100.0
4,100046,33,False,234920,0,234920,27.26755278576131,100.0
4,100046,34,False,362880,0,362880,29.041414889014533,100.0
4,100046,35,False,563676,0,563676,30.822966883246117,100.0
4,100046,36,False,880770,0,880770,32.57219096202203,100.0
4,100046,37,False,1381245,0,1381245,34.301765085843556,100.0
5,100047,0,False,100,100,0,1.0,0.0
5,100047,1,False,149,148,1,1.1178159849931664,0.6711409395973155
5,100047,2,False,206,206,0,1.1916952801293341,0.0
5,100047,3,False,299,298,1,1.4547664592197749,0.33444816053511706
5,100047,4,False,429,426,3,1.6810683346333386,0.6993006993006993
5,100047,5,False,622,615,7,2.0006861451603575,1.1254019292604502
5,100047,6,False,888,873,15,2.3910225762263835,1.6891891891891893
5,100047,7,False,1269,1252,17,2.7931411583302532,1.3396375098502757
5,100047,8,False,1832,1808,24,3.2878874825150923,1.3100436681222707
5,100047,9,False,2690,2649,41,3.9739712135306187,1.5241635687732342
5,100047,10,False,3859,3808,51,4.6025410553174835,1.3215859030837005
5,100047,11,False,5621,5539,82,5.356211013191333,1.4588151574452943
5,100047,12,False,8389,8259,130,6.082617865916117,1.5496483490284896
5,100047,13,False,12434,12240,194,7.172931625467564,1.5602380569406467
5,100047,14,False,18569,18254,315,8.2979919115123,1.6963756798966019
5,100047,15,False,28020,27526,494,9.589788537373058,1.7630264097073518
5,100047,16,False,4948,4221,727,13.778999388941322,14.6928051738076
5,100047,17,False,1696,664,1032,15.437440587255868,60.84905660377358
5,100047,18,False,1608,116,1492,9.976788357092842,92.7860696517413
5,100047,19,False,2162,19,2143,9.183390765798665,99.12118408880666
5,100047,20,False,3107,0,3107,10.0039563784563,100.0
5,100047,21,False,4521,0,4521,11.747333868693909,100.0
5,100047,22,False,6708,0,6708,13.38139345443552,100.0
5,100047,23,False,9915,0,9915,15.441624151518951,100.0
5,100047,24,False,14965,0,14965,17.140199990187977,100.0
5,100047,25,False,22630,0,22630,19.30700890755863,100.0
5,100047,26,False,34608,0,34608,21.147597549509843,100.0
5,100047,27,False,52908,0,52908,23.113115394662405,100.0
5,100047,28,False,81719,0,81719,25.041219248043948,100.0
5,100047,29,False,126653,0,126653,27.16857518916936,100.0
5,100047,30,False,197677,0,197677,29.29632870855394,100.0
5,100047,31,False,309395,0,309395,31.31439021069586,100.0
5,100047,32,False,485433,0,485433,33.44912530990455,100.0
5,100047,33,False,766592,0,766592,35.57488420448304,100.0
5,100047,34,False,1214562,0,1214562,37.72737781709399,100.0
6,100048,0,False,100,100,0,1.0,0.0
6,100048,1,False,139,139,0,1.043591486274537,0.0
6,100048,2,False,212,212,0,1.3496269199848479,0.0
6,100048,3,False,308,308,0,1.4834140466630672,0.0
6,100048,4,False,429,428,1,1.662571941373897,0.2331002331002331
6,100048,5,False,623,623,0,1.988270821963384,0.0
6,100048,6,False,918,918,0,2.3576338208154968,0.0
6,100048,7,False,1352,1352,0,2.752666762108387,0.0
6,100048,8,False,1915,1915,0,3.185029053193288,0.0
6,100048,9,False,2772,2771,1,3.6399508539045264,0.03607503607503607
6,100048,10,False,3942,3933,9,4.061211556614885,0.228310502283105
6,100048,11,False,5805,5786,19,4.528774096035339,0.3273040482342808
6,100048,12,False,8546,8508,38,5.2934305348252115,0.444652468991341
6,100048,13,False,12568,12493,75,6.156899604621229,0.5967536600891152
6,100048,14,False,18392,18277,115,7.057256045718925,0.6252718573292736
6,100048,15,False,27185,26994,191,8.146677022519626,0.702593341916498
6,100048,16,False,4319,4036,283,10.066799237989304,6.552442695068303
6,100048,17,False,981,561,420,14.13746336042624,42.813455657492355
6,100048,18,False,654,85,569,10.385647982905041,87.00305810397553
6,100048,19,False,820,17,803,8.052063699120659,97.92682926829268
6,100048,20,False,1185,0,1185,8.287865186575395,100.0
6,100048,21,False,1748,0,1748,9.40918037411522,100.0
6,100048,22,False,2559,0,2559,10.123538563648266,100.0
6,100048,23,False,3795,0,3795,11.594306342007153,100.0
6,100048,24,False,5701,0,5701,12.47806145991656,100.0
6,100048,25,False,8686,0,8686,13.610909465107124,100.0
6,100048,26,False,13505,0,13505,14.984773536351772,100.0
6,100048,27,False,20751,0,20751,16.25318746896035,100.0
6,100048,28,False,32068,0,32068,17.360922815241324,100.0
6,100048,29,False,50349,0,50349,18.589726180380445,100.0
6,100048,30,False,79029,0,79029,19.772662092372787,100.0
6,100048,31,False,124160,0,124160,20.956431963292896,100.0
6,100048,32,False,196535,0,196535,22.42226998302803,100.0
6,100048,33,False,310942,0,310942,23.86931753236725,100.0
6,100048,34,False,494506,0,494506,25.321377002977176,100.0
6,100048,35,False,788921,0,788921,26.91423460434945,100.0
6,100048,36,False,1260647,0,1260647,28.662765577314385,100.0
7,100049,0,False,100,100,0,1.0,0.0
7,100049,1,False,160,160,0,1.3031931902720968,0.0
7,100049,2,False,218,218,0,1.520304638121298,0.0
7,100049,3,False,292,292,0,1.6712252250019444,0.0
7,100049,4,False,421,421,0,1.8278499369424963,0.0
7,100049,5,False,571,569,2,2.0114245526750345,0.3502626970227671
7,100049,6,False,812,810,2,2.1052283350090075,0.24630541871921183
7,100049,7,False,1133,1130,3,2.344010820989344,0.264783759929391
7,100049,8,False,1649,1642,7,2.667340165955304,0.42449969678593086
7,100049,9,False,2357,2349,8,2.8673117980015266,0.3394145099703012
7,100049,10,False,3353,3339,14,3.2322738167491134,0.4175365344467641
7,100049,11,False,4799,4775,24,3.6548693284043043,0.5001041883725776
7,100049,12,False,6831,6788,43,4.114898940690009,0.6294832381788904
7,100049,13,False,9758,9678,80,4.649391733102472,0.819840131174421
7,100049,14,False,13968,13839,129,5.2693229049874715,0.9235395189003437
7,100049,15,False,20149,19955,194,6.003275078193069,0.9628269393021986
7,100049,16,False,3079,2790,289,7.418467281222504,9.386164339071128
7,100049,17,False,812,394,418,9.50458148773131,51.477832512315274
7,100049,18,False,684,68,616,6.411458977941317,90.05847953216374
7,100049,19,False,879,7,872,5.707225994445188,99.20364050056882
7,100049,20,False,1244,0,1244,5.911912448038972,100.0
7,100049,21,False,1724,0,1724,6.463000164054581,100.0
7,100049,22,False,2397,0,2397,7.342542731447238,100.0
7,100049,23,False,3368,0,3368,8.1375412981903,100.0
7,100049,24,False,4778,0,4778,9.124705728951728,100.0
7,100049,25,False,6883,0,6883,10.012191189210997,100.0
7,100049,26,False,9845,0,9845,11.87986824581192,100.0
7,100049,27,False,14172,0,14172,13.375173989317998,100.0
7,100049,28,False,20644,0,20644,14.979476444807892,100.0
7,100049,29,False,29948,0,29948,16.901944886285737,100.0
7,100049,30,False,43614,0,43614,18.67573984294476,100.0
7,100049,31,False,64154,0,64154,20.745276501086682,100.0
7,100049,32,False,95277,0,95277,22.716605291674668,100.0
7,100049,33,False,143095,0,143095,24.656561761201303,100.0
7,100049,34,False,215316,0,215316,26.711089822324112,100.0
7,100049,35,False,327040,0,327040,28.73002250848043,100.0
7,100049,36,False,499784,0,499784,30.71344963411576,100.0
7,100049,37,False,767754,0,767754,32.69657383945527,100.0
7,100049,38,False,1185636,0,1185636,34.49236943050612,100.0
8,100050,0,False,100,100,0,1.0,0.0
8,100050,1,False,123,123,0,1.3741742447919412,0.0
8,100050,2,False,181,181,0,1.768699018692792,0.0
8,100050,3,False,262,262,0,1.930771427686223,0.0
8,100050,4,False,352,351,1,2.050251282411106,0.2840909090909091
8,100050,5,False,460,460,0,2.481690455120628,0.0
8,100050,6,False,634,634,0,2.8942647160539883,0.0
8,100050,7,False,895,894,1,3.47752085376202,0.11173184357541899
8,100050,8,False,1254,1250,4,4.156001556477488,0.3189792663476874
8,100050,9,False,1814,1804,10,4.8330106258990115,0.5512679162072768
8,100050,10,False,2574,2558,16,5.491119951903938,0.6216006216006216
8,100050,11,False,3761,3730,31,6.238665005208038,0.8242488699813879
8,100050,12,False,5448,5398,50,7.141982692334525,0.9177679882525698
8,100050,13,False,8002,7921,81,7.923573209980874,1.0122469382654335
8,100050,14,False,11871,11727,144,9.199203492480178,1.2130401819560273
8,100050,15,False,17386,17165,221,10.498211310028301,1.2711376969975843
8,100050,16,False,25819,25491,328,12.09299861300386,1.2703822766179944
8,100050,17,False,4280,3806,474,15.567733422305867,11.074766355140186
8,100050,18,False,1256,605,651,17.898591639605318,51.8312101910828
8,100050,19,False,985,95,890,11.252475506132026,90.35532994923858
8,100050,20,False,1266,23,1243,9.668391177160903,98.18325434439178
8,100050,21,False,1751,7,1744,9.813074477574665,99.60022844089092
8,100050,22,False,2430,0,2430,11.195617741426704,100.0
8,100050,23,False,3492,0,3492,12.836729054585255,100.0
8,100050,24,False,5074,0,5074,15.208890989044866,100.0
8,100050,25,False,7347,0,7347,17.20678067603894,100.0
8,100050,26,False,10648,0,10648,19.218949883692684,100.0
8,100050,27,False,15490,0,15490,21.503625313869875,100.0
8,100050,28,False,22950,0,22950,24.203189254553767,100.0
8,100050,29,False,34141,0,34141,26.735682499082678,100.0
8,100050,30,False,51390,0,51390,29.54768725183006,100.0
8,100050,31,False,78270,0,78270,31.965592306801163,100.0
8,100050,32,False,119361,0,119361,34.78010923797123,100.0
8,100050,33,False,183821,0,183821,37.74151732633665,100.0
8,100050,34,False,283425,0,283425,40.45852382820814,100.0
8,100050,35,False,440169,0,440169,43.278671682221756,100.0
8,100050,36,False,687633,0,687633,46.2066938499902,100.0
8,100050,37,False,1079880,0,1079880,49.03958836785603,100.0
9,100051,0,False,100,100,0,1.0,0.0
9,100051,1,False,154,154,0,1.1245826434208193,0.0
9,100051,2,False,215,215,0,1.413725651903016,0.0
9,100051,3,False,313,313,0,1.4446088508065698,0.0
9,100051,4,False,447,447,0,1.582342825704485,0.0
9,100051,5,False,609,607,2,1.7525200818198974,0.3284072249589491
9,100051,6,False,901,898,3,1.8733472353925653,0.33296337402885684
9,100051,7,False,1360,1352,8,2.2374059972341964,0.5882352941176471
9,100051,8,False,1925,1910,15,2.6086218607698908,0.7792207792207793
9,100051,9,False,2824,2797,27,2.826998401872706,0.9560906515580736
9,100051,10,False,4181,4147,34,3.1489230006192948,0.8132025831140876
9,100051,11,False,6032,5981,51,3.7312993310835734,0.8454907161803713
9,100051,12,False,8722,8641,81,4.306650944040608,0.9286860811740426
9,100051,13,False,12620,12487,133,5.018305949953043,1.0538827258320127
9,100051,14,False,18372,18157,215,5.98942871732509,1.1702590899194427
9,100051,15,False,26859,26504,355,7.01993318276013,1.3217171153058564
9,100051,16,False,4352,3833,519,9.878512758186,11.925551470588236
9,100051,17,False,1335,592,743,11.983688605534008,55.655430711610485
9,100051,18,False,1166,78,1088,7.4621119391593345,93.31046312178388
9,100051,19,False,1593,9,1584,6.518387992546188,99.43502824858757
9,100051,20,False,2253,2,2251,6.955804643132598,99.91122947181536
9,100051,21,False,3267,0,3267,7.893747685305469,100.0
9,100051,22,False,4808,0,4808,9.04822295679182,100.0
9,100051,23,False,7258,0,7258,9.845376443869252,100.0
9,100051,24,False,10831,0,10831,10.635518604884316,100.0
9,100051,25,False,16409,0,16409,11.5191813937702,100.0
9,100051,26,False,25013,0,25013,12.325150640839022,100.0
9,100051,27,False,38573,0,38573,13.290717982971616,100.0
9,100051,28,False,59387,0,59387,14.21192675517072,100.0
9,100051,29,False,91908,0,91908,15.351935503518916,100.0
9,100051,30,False,143147,0,143147,16.354572594830454,100.0
9,100051,31,False,223510,0,223510,17.28082328150136,100.0
9,100051,32,False,351358,0,351358,18.33500272179521,100.0
9,100051,33,False,554103,0,554103,19.369447926707725,100.0
9,100051,34,False,875469,0,875469,20.459730633167183,100.0
9,100051,35,False,1390665,0,1390665,21.57959039285407,100.0
10,100052,0,False,100,100,0,1.0,0.0
10,100052,1,False,133,133,0,1.0,0.0
10,100052,2,False,185,185,0,1.1436886875118004,0.0
10,100052,3,False,262,261,1,1.257087488952628,0.3816793893129771
10,100052,4,False,362,360,2,1.4346194199771933,0.5524861878453039
10,100052,5,False,522,519,3,1.7126902058894014,0.5747126436781609
10,100052,6,False,751,746,5,1.9539017030274004,0.6657789613848203
10,100052,7,False,1094,1083,11,2.326771244516985,1.0054844606946984
10,100052,8,False,1553,1536,17,2.4447192555281427,1.0946555054732776
10,100052,9,False,2169,2136,33,2.781377673578383,1.5214384508990317
10,100052,10,False,3128,3084,44,3.1454102653431564,1.4066496163682864
10,100052,11,False,4415,4355,60,3.343795418118099,1.3590033975084939
10,100052,12,False,6407,6326,81,3.8733548151501958,1.2642422350554081
10,100052,13,False,9119,9007,112,4.465870062806646,1.2282048470226998
10,100052,14,False,13311,13138,173,5.133754467937012,1.2996769589061679
10,100052,15,False,19476,19200,276,5.836717118620982,1.4171287738755391
10,100052,16,False,28572,28137,435,6.615925079333206,1.5224695506089878
10,100052,17,False,4848,4230,618,9.09166495104469,12.747524752475247
10,100052,18,False,1450,613,837,9.723607384350958,57.724137931034484
10,100052,19,False,1259,103,1156,5.862790009869035,91.81890389197775
10,100052,20,False,1600,4,1596,5.038676471642948,99.75
10,100052,21,False,2312,0,2312,5.712042957243458,100.0
10,100052,22,False,3448,0,3448,6.582698098680124,100.0
10,100052,23,False,4975,0,4975,7.280366299516174,100.0
10,100052,24,False,7386,0,7386,8.246094420728388,100.0
10,100052,25,False,10748,0,10748,9.216871961209,100.0
10,100052,26,False,15754,0,15754,9.884461283939492,100.0
10,100052,27,False,23234,0,23234,10.914038669309031,100.0
10,100052,28,False,34869,0,34869,11.961520500588257,100.0
10,100052,29,False,52697,0,52697,13.132113613434571,100.0
10,100052,30,False,79794,0,79794,14.223254315260883,100.0
10,100052,31,False,121797,0,121797,15.286324905094263,100.0
10,100052,32,False,186486,0,186486,16.384599265296654,100.0
10,100052,33,False,288091,0,288091,17.51417470662304,100.0
10,100052,34,False,447575,0,447575,18.690742941003883,100.0
10,100052,35,False,698448,0,698448,19.7403891173336,100.0
10,100052,36,False,1094340,0,1094340,20.906652735523874,100.0
11,100053,0,False,100,100,0,1.0,0.0
11,100053,1,False,154,154,0,1.1245826434208193,0.0
11,100053,2,False,185,185,0,1.135150506048932,0.0
11,100053,3,False,272,271,1,1.3167342440834702,0.36764705882352944
11,100053,4,False,379,379,0,1.2705862494312057,0.0
11,100053,5,False,539,539,0,1.4182036436197112,0.0
11,100053,6,False,799,798,1,1.6565901458187131,0.1251564455569462
11,100053,7,False,1084,1081,3,1.8817296578450158,0.2767527675276753
11,100053,8,False,1538,1534,4,2.1376697315160436,0.26007802340702213
11,100053,9,False,2331,2319,12,2.4469038497290976,0.5148005148005148
11,100053,10,False,3363,3348,15,2.6998616370614745,0.44603033006244425
11,100053,11,False,4863,4850,13,2.9339160453963644,0.26732469668928643
11,100053,12,False,6955,6930,25,3.3220744038346175,0.35945363048166784
11,100053,13,False,9963,9930,33,3.655542402264027,0.331225534477567
11,100053,14,False,14517,14446,71,4.202687857479452,0.4890817662051388
11,100053,15,False,20972,20852,120,4.783685467234141,0.5721914934197978
11,100053,16,False,3143,2960,183,6.460687228768269,5.822462615335667
11,100053,17,False,697,438,259,10.453935079135716,37.15925394548063
11,100053,18,False,416,66,350,4.466222611487953,84.13461538461539
11,100053,19,False,473,12,461,3.114689244659502,97.46300211416491
11,100053,20,False,650,2,648,2.752501966403548,99.6923076923077
11,100053,21,False,918,0,918,3.314225790398469,100.0
11,100053,22,False,1246,0,1246,3.8666329466342093,100.0
11,100053,23,False,1749,0,1749,4.411086969695836,100.0
11,100053,24,False,2433,0,2433,5.235094600115337,100.0
11,100053,25,False,3324,0,3324,5.976482865001613,100.0
11,100053,26,False,4630,0,4630,6.788818917044984,100.0
11,100053,27,False,6583,0,6583,7.708162024861679,100.0
11,100053,28,False,9272,0,9272,8.749077438403017,100.0
11,100053,29,False,13260,0,13260,9.9733735759789,100.0
11,100053,30,False,19073,0,19073,11.181656794287516,100.0
11,100053,31,False,27341,0,27341,12.790273582996418,100.0
11,100053,32,False,39508,0,39508,14.417631064718584,100.0
11,100053,33,False,57559,0,57559,15.995491049289825,100.0
11,100053,34,False,84731,0,84731,17.713231476565,100.0
11,100053,35,False,125963,0,125963,19.52485839772177,100.0
11,100053,36,False,188058,0,188058,21.366136629393456,100.0
11,100053,37,False,283479,0,283479,23.110403532541312,100.0
11,100053,38,False,429829,0,429829,24.769080271755307,100.0
11,100053,39,False,656641,0,656641,26.547343802354085,100.0
11,100053,40,False,1009282,0,1009282,28.227811413477397,100.0
12,100054,0,False,100,100,0,1.0,0.0
12,100054,1,False,164,163,1,1.160066510127241,0.6097560975609756
12,100054,2,False,252,249,3,1.282696500461104,1.1904761904761905
12,100054,3,False,367,363,4,1.4258421704798505,1.0899182561307903
12,100054,4,False,509,504,5,1.6605382888979086,0.9823182711198428
12,100054,5,False,724,715,9,1.9683297822140686,1.2430939226519337
12,100054,6,False,1051,1038,13,2.422797126074123,1.236917221693625
12,100054,7,False,1533,1515,18,2.7450762808223357,1.1741682974559686
12,100054,8,False,2221,2197,24,3.1518170805282035,1.080594326879784
12,100054,9,False,3138,3088,50,3.4682256372586866,1.5933715742511154
12,100054,10,False,4605,4522,83,4.044534910835758,1.8023887079261671
12,100054,11,False,6672,6533,139,4.7078037160898685,2.0833333333333335
12,100054,12,False,9795,9556,239,5.529032827996938,2.4400204185809087
12,100054,13,False,14242,13862,380,6.3932999391491565,2.668164583625895
12,100054,14,False,21102,20517,585,7.455179167704911,2.772249075916975
12,100054,15,False,3964,3068,896,11.215927152390206,22.60343087790111
12,100054,16,False,1849,492,1357,7.998125623143903,73.39102217414819
12,100054,17,False,2205,68,2137,4.423834149418537,96.91609977324264
12,100054,18,False,3325,13,3312,4.184550136014726,99.60902255639098
12,100054,19,False,5188,0,5188,4.391415033282069,100.0
12,100054,20,False,8088,0,8088,4.770236724911157,100.0
12,100054,21,False,12687,0,12687,5.06981178018298,100.0
12,100054,22,False,19905,0,19905,5.325234644946565,100.0
12,100054,23,False,31726,0,31726,5.6456689753998806,100.0
12,100054,24,False,50417,0,50417,5.995239322415716,100.0
12,100054,25,False,80495,0,80495,6.3373646948150855,100.0
12,100054,26,False,128700,0,128700,6.716383726414401,100.0
12,100054,27,False,206139,0,206139,7.152872105259404,100.0
12,100054,28,False,331604,0,331604,7.615445160968239,100.0
12,100054,29,False,531969,0,531969,8.121531475186574,100.0
12,100054,30,False,854865,0,854865,8.66126531832723,100.0
12,100054,31,False,1374807,0,1374807,9.233164168348535,100.0
13,100055,0,False,100,100,0,1.0,0.0
13,100055,1,False,142,142,0,1.2205752456199468,0.0
13,100055,2,False,202,202,0,1.380323351797055,0.0
13,100055,3,False,277,277,0,1.5977273045751386,0.0
13,100055,4,False,390,390,0,1.72364847183693,0.0
13,100055,5,False,548,547,1,1.9358545990782212,0.18248175182481752
13,100055,6,False,778,776,2,2.2444902758300684,0.2570694087403599
13,100055,7,False,1140,1140,0,2.5976669009413214,0.0
13,100055,8,False,1652,1649,3,3.068198241399259,0.18159806295399517
13,100055,9,False,2368,2360,8,3.651196572756589,0.33783783783783783
13,100055,10,False,3412,3396,16,4.205846880509732,0.46893317702227433
13,100055,11,False,4933,4898,35,4.834726149109855,0.7095073991485911
13,100055,12,False,7195,7138,57,5.748586660456216,0.7922168172341905
13,100055,13,False,10591,10468,123,6.7185977519264535,1.1613634217732036
13,100055,14,False,15475,15243,232,7.874904198849477,1.4991922455573505
13,100055,15,False,22903,22533,370,9.08519373321804,1.615508885298869
13,100055,16,False,3711,3212,499,13.636493434641991,13.446510374562113
13,100055,17,False,1184,420,764,21.482094123032834,64.52702702702703
13,100055,18,False,1262,60,1202,16.358499889343424,95.24564183835182
13,100055,19,False,1799,6,1793,15.871972546448706,99.66648137854364
13,100055,20,False,2773,2,2771,17.250573029507827,99.9278759466282
13,100055,21,False,4161,0,4161,19.24210884426743,100.0
13,100055,22,False,6393,0,6393,21.96494600297451,100.0
13,100055,23,False,9897,0,9897,24.38803345764613,100.0
13,100055,24,False,15145,0,15145,26.782960762294294,100.0
13,100055,25,False,23594,0,23594,29.95459735052437,100.0
13,100055,26,False,36983,0,36983,32.96610049916846,100.0
13,100055,27,False,58468,0,58468,35.92475790341365,100.0
13,100055,28,False,92042,0,92042,38.66382867709518,100.0
13,100055,29,False,145389,0,145389,41.48118034384003,100.0
13,100055,30,False,230617,0,230617,44.535095941497424,100.0
13,100055,31,False,367081,0,367081,47.84248959473391,100.0
13,100055,32,False,587068,0,587068,51.34524620953228,100.0
13,100055,33,False,939633,0,939633,54.8492747545603,100.0
13,100055,34,False,1505610,0,1505610,58.69044224927754,100.0
14,100056,0,False,100,100,0,1.0,0.0
14,100056,1,False,142,142,0,1.0873953315449914,0.0
14,100056,2,False,193,193,0,1.1970269796635533,0.0
14,100056,3,False,252,252,0,1.360667886161059,0.0
14,100056,4,False,373,372,1,1.7085322344572729,0.2680965147453083
14,100056,5,False,551,548,3,1.9349270287868314,0.5444646098003629
14,100056,6,False,787,782,5,2.310288889880268,0.6353240152477764
14,100056,7,False,1090,1081,9,2.6051891215306733,0.8256880733944955
14,100056,8,False,1579,1566,13,2.9291166309022736,0.8233058898036733
14,100056,9,False,2322,2305,17,3.341798487451818,0.7321274763135228
14,100056,10,False,3345,3325,20,3.848770147966779,0.5979073243647235
14,100056,11,False,4765,4733,32,4.369584533120696,0.6715634837355718
14,100056,12,False,6954,6909,45,5.062404974246292,0.6471095772217429
14,100056,13,False,10159,10078,81,5.840747869483298,0.7973225711192047
14,100056,14,False,14810,14677,133,6.858891145932351,0.8980418636056718
14,100056,15,False,21821,21607,214,7.807498404064245,0.9807066587232482
14,100056,16,False,3430,3122,308,9.704611366535286,8.979591836734693
14,100056,17,False,891,468,423,12.25282563880338,47.474747474747474
14,100056,18,False,706,76,630,8.02415686006027,89.23512747875354
14,100056,19,False,889,11,878,7.522251442680936,98.76265466816648
14,100056,20,False,1322,0,1322,8.651984763121435,100.0
14,100056,21,False,1905,0,1905,9.969738724299942,100.0
14,100056,22,False,2900,0,2900,11.262783947030654,100.0
14,100056,23,False,4352,0,4352,12.71668370979082,100.0
14,100056,24,False,6542,0,6542,14.658096071414162,100.0
14,100056,25,False,9974,0,9974,16.2508816050226,100.0
14,100056,26,False,15105,0,15105,18.045316418922585,100.0
14,100056,27,False,23149,0,23149,19.86525361007436,100.0
14,100056,28,False,35895,0,35895,22.048003825741496,100.0
14,100056,29,False,55604,0,55604,24.29956974657986,100.0
14,100056,30,False,86694,0,86694,26.475968658648384,100.0
14,100056,31,False,136373,0,136373,28.80398095889245,100.0
14,100056,32,False,214647,0,214647,31.14407140352663,100.0
14,100056,33,False,338988,0,338988,33.396423945876,100.0
14,100056,34,False,536935,0,536935,35.9463728798105,100.0
14,100056,35,False,854144,0,854144,38.587520013702196,100.0
14,100056,36,False,1361997,0,1361997,41.18590593361944,100.0
15,100057,0,False,100,100,0,1.0,0.0
15,100057,1,False,158,158,0,1.2108809894044585,0.0
15,100057,2,False,217,216,1,1.4551737493629686,0.4608294930875576
15,100057,3,False,302,301,1,1.4861422030830567,0.33112582781456956
15,100057,4,False,406,405,1,1.6282346224846485,0.24630541871921183
15,100057,5,False,571,570,1,1.7811329174321466,0.17513134851138354
15,100057,6,False,845,845,0,2.0632954598324913,0.0
15,100057,7,False,1242,1240,2,2.447876364070579,0.1610305958132045
15,100057,8,False,1746,1742,4,2.86284594551629,0.2290950744558992
15,100057,9,False,2526,2522,4,3.19307020658624,0.1583531274742676
15,100057,10,False,3640,3628,12,3.57974334364216,0.32967032967032966
15,100057,11,False,5321,5294,27,4.0321802254173935,0.5074234166510054
15,100057,12,False,7833,7783,50,4.797311815729386,0.638325035107877
15,100057,13,False,11478,11386,92,5.5714631840402316,0.8015333681826102
15,100057,14,False,16759,16621,138,6.379772959502464,0.8234381526344053
15,100057,15,False,24660,24431,229,7.347568602567795,0.9286293592862936
15,100057,16,False,3834,3534,300,10.402337146571893,7.82472613458529
15,100057,17,False,968,552,416,12.167263293585604,42.97520661157025
15,100057,18,False,656,68,588,7.356583667583675,89.63414634146342
15,100057,19,False,818,4,814,5.795863048185858,99.51100244498778
15,100057,20,False,1140,0,1140,6.73718845735994,100.0
15,100057,21,False,1657,0,1657,7.6697768382707565,100.0
15,100057,22,False,2387,0,2387,8.866522737906385,100.0
15,100057,23,False,3484,0,3484,10.403470312320767,100.0
15,100057,24,False,5143,0,5143,11.95187175140899,100.0
15,100057,25,False,7630,0,7630,13.19162093628264,100.0
15,100057,26,False,11194,0,11194,14.54630525344409,100.0
15,100057,27,False,16785,0,16785,15.879222836301972,100.0
15,100057,28,False,25159,0,25159,17.34006009092471,100.0
15,100057,29,False,38399,0,38399,19.27618891534312,100.0
15,100057,30,False,58592,0,58592,21.06732234091342,100.0
15,100057,31,False,90224,0,90224,22.82782649694936,100.0
15,100057,32,False,139583,0,139583,24.660956696412885,100.0
15,100057,33,False,217306,0,217306,26.605466620887423,100.0
15,100057,34,False,339550,0,339550,28.446281868464073,100.0
15,100057,35,False,534427,0,534427,30.494952149677136,100.0
15,100057,36,False,842848,0,842848,32.536749263661115,100.0
15,100057,37,False,1334891,0,1334891,34.50404907128082,100.0
16,100058,0,False,100,100,0,1.0,0.0
16,100058,1,False,162,162,0,1.077969292924434,0.0
16,100058,2,False,248,248,0,1.2421307624363498,0.0
16,100058,3,False,346,346,0,1.3204073627358928,0.0
16,100058,4,False,517,516,1,1.568979471489147,0.19342359767891681
16,100058,5,False,725,723,2,1.712080985672043,0.27586206896551724
16,100058,6,False,1035,1033,2,1.8517034939128219,0.1932367149758454
16,100058,7,False,1498,1492,6,2.2054530179288663,0.40053404539385845
16,100058,8,False,2084,2077,7,2.264952265538709,0.33589251439539347
16,100058,9,False,2973,2956,17,2.474146809324889,0.5718129835183317
16,100058,10,False,4230,4200,30,2.74855719036649,0.7092198581560284
16,100058,11,False,6102,6070,32,3.08653355995633,0.5244182235332678
16,100058,12,False,8740,8690,50,3.431415184428957,0.5720823798627003
16,100058,13,False,12497,12417,80,3.910079158402808,0.6401536368728494
16,100058,14,False,17900,17768,132,4.4223175188997175,0.7374301675977654
16,100058,15,False,25707,25492,215,5.08385367729412,0.8363480763994243
16,100058,16,False,3987,3678,309,7.048328556697855,7.750188111361926
16,100058,17,False,931,507,424,9.367093902286749,45.54242749731471
16,100058,18,False,685,68,617,5.6188942271835245,90.07299270072993
16,100058,19,False,866,11,855,4.894232522056171,98.72979214780601
16,100058,20,False,1184,0,1184,5.472704651294843,100.0
16,100058,21,False,1691,0,1691,6.125597179109554,100.0
16,100058,22,False,2435,0,2435,7.281870780958939,100.0
16,100058,23,False,3547,0,3547,7.7731894394786005,100.0
16,100058,24,False,5178,0,5178,8.747867139783802,100.0
16,100058,25,False,7550,0,7550,9.504957504412854,100.0
16,100058,26,False,11031,0,11031,10.627608265560518,100.0
16,100058,27,False,16428,0,16428,11.761345240653847,100.0
16,100058,28,False,24639,0,24639,12.821913186974433,100.0
16,100058,29,False,37345,0,37345,13.956757294601582,100.0
16,100058,30,False,57396,0,57396,15.114742120851979,100.0
16,100058,31,False,88366,0,88366,16.30384394404026,100.0
16,100058,32,False,136566,0,136566,17.391579423597424,100.0
16,100058,33,False,212174,0,212174,18.54294257690651,100.0
16,100058,34,False,331760,0,331760,19.766982870239474,100.0
16,100058,35,False,519601,0,519601,20.96134198930343,100.0
16,100058,36,False,819229,0,819229,22.14442557752272,100.0
16,100058,37,False,1296493,0,1296493,23.462270647094265,100.0
17,100059,0,False,100,100,0,1.0,0.0
17,100059,1,False,129,128,1,1.1334382381561015,0.7751937984496124
17,100059,2,False,164,162,2,1.2282400087042744,1.2195121951219512
17,100059,3,False,230,228,2,1.274804849066059,0.8695652173913043
17,100059,4,False,312,310,2,1.3249064236234809,0.6410256410256411
17,100059,5,False,470,467,3,1.431937847688252,0.6382978723404256
17,100059,6,False,663,662,1,1.3937208788728896,0.15082956259426847
17,100059,7,False,943,941,2,1.6893334438813647,0.21208907741251326
17,100059,8,False,1324,1320,4,1.8775902525070909,0.3021148036253776
17,100059,9,False,1929,1924,5,2.0600172267726684,0.2592016588906169
17,100059,10,False,2788,2776,12,2.4303653647951275,0.430416068866571
17,100059,11,False,3913,3892,21,2.67572725635927,0.5366726296958855
17,100059,12,False,5628,5591,37,3.0307173361960245,0.6574271499644634
17,100059,13,False,7997,7935,62,3.4437995105305097,0.7752907340252595
17,100059,14,False,11628,11527,101,3.861696600453855,0.8685930512555899
17,100059,15,False,16796,16637,159,4.435066535887856,0.9466539652298166
17,100059,16,False,24383,24144,239,5.028015064865066,0.9801911167616782
17,100059,17,False,3746,3413,333,6.320249137564919,8.889482114255205
17,100059,18,False,949,529,420,6.676673892233088,44.25711275026344
17,100059,19,False,628,65,563,3.5033405347953246,89.64968152866243
17,100059,20,False,817,8,809,2.875039415455779,99.02080783353733
17,100059,21,False,1155,2,1153,3.3296607626825083,99.82683982683983
17,100059,22,False,1696,0,1696,3.9275761110384657,100.0
17,100059,23,False,2342,0,2342,4.676300716069063,100.0
17,100059,24,False,3371,0,3371,5.509454514668662,100.0
17,100059,25,False,4768,0,4768,6.254599794851979,100.0
17,100059,26,False,6809,0,6809,6.995639281477846,100.0
17,100059,27,False,9787,0,9787,8.010220299889966,100.0
17,100059,28,False,14046,0,14046,8.914282979770732,100.0
17,100059,29,False,20572,0,20572,10.208593483846794,100.0
17,100059,30,False,30198,0,30198,11.801805700022992,100.0
17,100059,31,False,44725,0,44725,13.401795136883527,100.0
17,100059,32,False,66564,0,66564,15.129632534053634,100.0
17,100059,33,False,99462,0,99462,17.165166681539258,100.0
17,100059,34,False,149991,0,149991,19.120850806315616,100.0
17,100059,35,False,227520,0,227520,21.18050796434928,100.0
17,100059,36,False,347581,0,347581,23.1810998825296,100.0
17,100059,37,False,534085,0,534085,25.251517479310273,100.0
17,100059,38,False,825903,0,825903,27.381188675559674,100.0
17,100059,39,False,1284523,0,1284523,29.427746743417586,100.0
18,100060,0,False,100,100,0,1.0,0.0
18,100060,1,False,159,158,1,1.2564548282756574,0.6289308176100629
18,100060,2,False,214,212,2,1.2149900975229828,0.9345794392523364
18,100060,3,False,323,317,6,1.4077081245456524,1.8575851393188854
18,100060,4,False,460,448,12,1.574202899997891,2.608695652173913
18,100060,5,False,665,649,16,1.5525259347643936,2.406015037593985
18,100060,6,False,968,949,19,1.652973486978215,1.962809917355372
18,100060,7,False,1405,1376,29,1.7629413979833137,2.0640569395017794
18,100060,8,False,1986,1936,50,1.9636034027234262,2.5176233635448138
18,100060,9,False,2880,2809,71,2.189331321887919,2.4652777777777777
18,100060,10,False,4082,3964,118,2.3670009618825736,2.8907398334149925
18,100060,11,False,5951,5765,186,2.714471569380881,3.125525121828264
18,100060,12,False,8725,8443,282,3.12838580412207,3.232091690544413
18,100060,13,False,12577,12178,399,3.5478524913204237,3.172457660809414
18,100060,14,False,18159,17576,583,4.129708360266631,3.2105292141637753
18,100060,15,False,26073,25225,848,4.669312628180416,3.2524067042534424
18,100060,16,False,4719,3591,1128,7.228114680239751,23.903369357914812
18,100060,17,False,2003,484,1519,7.452411052158673,75.83624563155267
18,100060,18,False,2167,75,2092,5.443964481428963,96.53899400092294
18,100060,19,False,2912,16,2896,5.770589483942515,99.45054945054945
18,100060,20,False,4059,2,4057,6.3273310184384,99.95072677999508
18,100060,21,False,5488,0,5488,6.727203544842921,100.0
18,100060,22,False,7531,0,7531,7.469264674708415,100.0
18,100060,23,False,10345,0,10345,8.662146565451197,100.0
18,100060,24,False,14447,0,14447,10.057526117433758,100.0
18,100060,25,False,20294,0,20294,11.452694268697112,100.0
18,100060,26,False,28412,0,28412,12.867526501797162,100.0
18,100060,27,False,39983,0,39983,14.271873577592606,100.0
18,100060,28,False,56883,0,56883,16.06552207288698,100.0
18,100060,29,False,80878,0,80878,18.244069763525186,100.0
18,100060,30,False,115724,0,115724,20.548168773351644,100.0
18,100060,31,False,166091,0,166091,23.27069053377443,100.0
18,100060,32,False,239894,0,239894,26.103873058799074,100.0
18,100060,33,False,348301,0,348301,29.343096145752927,100.0
18,100060,34,False,511225,0,511225,32.824756216974635,100.0
18,100060,35,False,754152,0,754152,36.39509644291963,100.0
18,100060,36,False,1118401,0,1118401,40.25826878534418,100.0
19,100061,0,False,100,100,0,1.0,0.0
19,100061,1,False,135,135,0,1.091306133989911,0.0
19,100061,2,False,191,191,0,1.2759997100654805,0.0
19,100061,3,False,275,274,1,1.492569093193698,0.36363636363636365
19,100061,4,False,366,366,0,1.6632275244826644,0.0
19,100061,5,False,506,506,0,1.820792604479316,0.0
19,100061,6,False,718,717,1,2.1479801662089604,0.1392757660167131
19,100061,7,False,1024,1023,1,2.416218227183338,0.09765625
19,100061,8,False,1512,1508,4,2.971136944017563,0.26455026455026454
19,100061,9,False,2203,2192,11,3.3688480141235937,0.49931911030413073
19,100061,10,False,3172,3145,27,3.96936346016427,0.8511979823455234
19,100061,11,False,4657,4615,42,4.4165265189600955,0.9018681554648915
19,100061,12,False,6676,6611,65,4.93901746922145,0.9736369083283404
19,100061,13,False,9655,9564,91,5.550232904717255,0.9425168306576903
19,100061,14,False,13940,13800,140,6.208206624730492,1.0043041606886658
19,100061,15,False,20197,19954,243,7.123979945535949,1.2031489825221569
19,100061,16,False,3149,2797,352,9.91324906354397,11.178151794220387
19,100061,17,False,906,407,499,13.214014751887492,55.07726269315673
19,100061,18,False,774,74,700,9.399654770448455,90.43927648578811
19,100061,19,False,1024,12,1012,8.332089636486952,98.828125
19,100061,20,False,1409,6,1403,9.096192783915043,99.57416607523066
19,100061,21,False,2112,0,2112,9.972622043419259,100.0
19,100061,22,False,3113,0,3113,11.593077158094914,100.0
19,100061,23,False,4574,0,4574,13.107888181128665,100.0
19,100061,24,False,6861,0,6861,14.368779689201329,100.0
19,100061,25,False,10252,0,10252,15.358939162660022,100.0
19,100061,26,False,15308,0,15308,16.787108450343645,100.0
19,100061,27,False,23327,0,23327,18.51764655951189,100.0
19,100061,28,False,35469,0,35469,20.385900101077148,100.0
19,100061,29,False,54444,0,54444,22.20319431492846,100.0
19,100061,30,False,84238,0,84238,23.95368772674896,100.0
19,100061,31,False,130460,0,130460,25.586057604716924,100.0
19,100061,32,False,203178,0,203178,27.300466598427114,100.0
19,100061,33,False,318533,0,318533,28.96631638921707,100.0
19,100061,34,False,500909,0,500909,30.807830501976927,100.0
19,100061,35,False,791489,0,791489,32.658577734641156,100.0
19,100061,36,False,1255689,0,1255689,34.574049150994846,100.0
20,100062,0,False,100,100,0,1.0,0.0
20,100062,1,False,137,137,0,1.2403374168582422,0.0
20,100062,2,False,191,191,0,1.5243455081959534,0.0
20,100062,3,False,269,269,0,1.7638835193201332,0.0
20,100062,4,False,396,396,0,1.9158194990412467,0.0
20,100062,5,False,596,596,0,2.2223000065669276,0.0
20,100062,6,False,848,848,0,2.622322460775599,0.0
20,100062,7,False,1172,1171,1,3.0921011724872165,0.08532423208191127
20,100062,8,False,1686,1681,5,3.4429706815578975,0.29655990510083036
20,100062,9,False,2466,2456,10,4.034930501125939,0.40551500405515006
20,100062,10,False,3548,3527,21,4.75693099280035,0.5918827508455468
20,100062,11,False,5095,5067,28,5.525653308690801,0.549558390578999
20,100062,12,False,7461,7410,51,6.419689252175945,0.6835544833132288
20,100062,13,False,11041,10972,69,7.225558219681033,0.6249433928086224
20,100062,14,False,16382,16270,112,8.207802132266604,0.6836772066902698
20,100062,15,False,24566,24375,191,9.373232373408516,0.7774973540665961
20,100062,16,False,4026,3755,271,11.69673517740158,6.731246895181322
20,100062,17,False,973,555,418,14.19171519889749,42.959917780061666
20,100062,18,False,691,65,626,7.614903840866005,90.59334298118668
20,100062,19,False,924,2,922,5.928932470936531,99.78354978354979
20,100062,20,False,1340,0,1340,5.903143197189378,100.0
20,100062,21,False,1985,0,1985,6.334979868246998,100.0
20,100062,22,False,3076,0,3076,6.641053978022001,100.0
20,100062,23,False,4609,0,4609,7.144190499250252,100.0
20,100062,24,False,6974,0,6974,7.49925123860789,100.0
20,100062,25,False,10880,0,10880,7.912211043720702,100.0
20,100062,26,False,17055,0,17055,8.399086067926461,100.0
20,100062,27,False,26688,0,26688,8.762943604501558,100.0
20,100062,28,False,41789,0,41789,9.267170623808445,100.0
20,100062,29,False,66061,0,66061,9.68222775424309,100.0
20,100062,30,False,104272,0,104272,10.201602630381178,100.0
20,100062,31,False,165746,0,165746,10.830288097816194,100.0
20,100062,32,False,264059,0,264059,11.386895105721832,100.0
20,100062,33,False,421339,0,421339,11.994113493680901,100.0
20,100062,34,False,672502,0,672502,12.655943739238365,100.0
20,100062,35,False,1077234,0,1077234,13.358340606763258,100.0
21,100063,0,False,100,100,0,1.0,0.0
21,100063,1,False,147,147,0,1.2639380988828512,0.0
21,100063,2,False,196,196,0,1.381552139651422,0.0
21,100063,3,False,239,239,0,1.5575989386301685,0.0
21,100063,4,False,344,344,0,1.7554350917848285,0.0
21,100063,5,False,535,535,0,1.855651129179023,0.0
21,100063,6,False,807,807,0,2.0036102072976676,0.0
21,100063,7,False,1168,1166,2,2.1081430557574756,0.17123287671232876
21,100063,8,False,1661,1656,5,2.4595778989604025,0.30102347983142685
21,100063,9,False,2417,2403,14,2.8960449117718365,0.5792304509722797
21,100063,10,False,3440,3420,20,3.3750355113014967,0.5813953488372093
21,100063,11,False,4931,4903,28,3.9432164067045985,0.5678361387142568
21,100063,12,False,7074,7028,46,4.543271696798965,0.650268589199887
21,100063,13,False,10251,10172,79,5.177686755269082,0.7706565213149936
21,100063,14,False,15021,14883,138,5.930137620348408,0.9187138006790493
21,100063,15,False,21740,21522,218,6.852181019538125,1.0027598896044159
21,100063,16,False,3468,3157,311,9.652263743530808,8.967704728950403
21,100063,17,False,908,466,442,13.888012248222495,48.6784140969163
21,100063,18,False,706,81,625,9.401986694205737,88.52691218130312
21,100063,19,False,904,4,900,8.031713007709275,99.5575221238938
21,100063,20,False,1285,0,1285,8.529132002661708,100.0
21,100063,21,False,1831,0,1831,8.715366712835515,100.0
21,100063,22,False,2740,0,2740,9.764991993668476,100.0
21,100063,23,False,4090,0,4090,10.283731590828834,100.0
21,100063,24,False,6104,0,6104,11.11725827849084,100.0
21,100063,25,False,9229,0,9229,12.357980653465496,100.0
21,100063,26,False,13905,0,13905,13.309519231013514,100.0
21,100063,27,False,20929,0,20929,14.41758894960466,100.0
21,100063,28,False,31806,0,31806,15.371889258986895,100.0
21,100063,29,False,49241,0,49241,16.563031589463563,100.0
21,100063,30,False,75934,0,75934,17.432042063709336,100.0
21,100063,31,False,118097,0,118097,18.411094869725062,100.0
21,100063,32,False,184024,0,184024,19.45248657897168,100.0
21,100063,33,False,288214,0,288214,20.535529943063178,100.0
21,100063,34,False,454044,0,454044,21.583863155411244,100.0
21,100063,35,False,718020,0,718020,22.660836347079798,100.0
21,100063,36,False,1140469,0,1140469,23.81642738200224,100.0
22,100064,0,False,100,100,0,1.0,0.0
22,100064,1,False,142,142,0,1.0428085363009578,0.0
22,100064,2,False,198,198,0,1.127303797701206,0.0
22,100064,3,False,284,284,0,1.1493198020543591,0.0
22,100064,4,False,379,379,0,1.2639697892904205,0.0
22,100064,5,False,554,553,1,1.507839011935207,0.18050541516245489
22,100064,6,False,809,806,3,1.8156136269678738,0.37082818294190356
22,100064,7,False,1169,1161,8,2.0157862267540594,0.6843455945252352
22,100064,8,False,1609,1596,13,2.1225846698444375,0.8079552517091361
22,100064,9,False,2260,2237,23,2.5146380941026076,1.0176991150442478
22,100064,10,False,3271,3230,41,2.852411066340235,1.2534393151941303
22,100064,11,False,4684,4637,47,3.2105772819798752,1.0034158838599487
22,100064,12,False,6748,6677,71,3.7533395324433076,1.052163604030824
22,100064,13,False,9763,9650,113,4.206160171125068,1.1574311174843799
22,100064,14,False,14261,14074,187,4.748998078523153,1.311268494495477
22,100064,15,False,20685,20393,292,5.39441436806871,1.4116509547981628
22,100064,16,False,3539,3089,450,8.490351074562465,12.715456343599888
22,100064,17,False,1099,461,638,10.278318616041085,58.05277525022748
22,100064,18,False,1028,66,962,6.6823596235921325,93.57976653696498
22,100064,19,False,1453,10,1443,6.2199241324408066,99.31176875430144
22,100064,20,False,2220,2,2218,6.440475446554692,99.90990990990991
22,100064,21,False,3418,0,3418,7.048493297375722,100.0
22,100064,22,False,5294,0,5294,7.678339298729035,100.0
22,100064,23,False,8098,0,8098,7.927492450266626,100.0
22,100064,24,False,12589,0,12589,8.397912982428135,100.0
22,100064,25,False,19574,0,19574,8.829986194609074,100.0
22,100064,26,False,30471,0,30471,9.459932811537445,100.0
22,100064,27,False,48099,0,48099,10.07046245600891,100.0
22,100064,28,False,75830,0,75830,10.753888180108362,100.0
22,100064,29,False,120030,0,120030,11.406877747139575,100.0
22,100064,30,False,190926,0,190926,12.097798472529258,100.0
22,100064,31,False,304462,0,304462,12.83326418535446,100.0
22,100064,32,False,485284,0,485284,13.604661281695913,100.0
22,100064,33,False,776450,0,776450,14.439357381518365,100.0
22,100064,34,False,1246102,0,1246102,15.385969460229694,100.0
23,100065,0,False,100,100,0,1.0,0.0
23,100065,1,False,136,136,0,1.0444060015104768,0.0
23,100065,2,False,205,205,0,1.15853636475625,0.0
23,100065,3,False,295,295,0,1.2361029160853578,0.0
23,100065,4,False,436,435,1,1.3690587961449212,0.22935779816513763
23,100065,5,False,612,612,0,1.5107235957535496,0.0
23,100065,6,False,909,909,0,1.7157989748518092,0.0
23,100065,7,False,1319,1316,3,1.9990425575748803,0.22744503411675512
23,100065,8,False,1842,1833,9,2.343304202447425,0.48859934853420195
23,100065,9,False,2638,2619,19,2.877249086395695,0.7202426080363912
23,100065,10,False,3831,3800,31,3.1630692124459325,0.809188201513965
23,100065,11,False,5524,5474,50,3.6512314980684613,0.9051412020275162
23,100065,12,False,8066,7980,86,4.215997388402686,1.0662038184973965
23,100065,13,False,11778,11647,131,4.839616638496173,1.1122431652232976
23,100065,14,False,17340,17139,201,5.597380892983878,1.1591695501730104
23,100065,15,False,25610,25302,308,6.50936698183269,1.202655212807497
23,100065,16,False,4312,3846,466,9.14512941890449,10.807050092764378
23,100065,17,False,1275,573,702,14.600339105487077,55.05882352941177
23,100065,18,False,1105,58,1047,9.70236548592034,94.75113122171946
23,100065,19,False,1550,10,1540,9.628329693017967,99.35483870967742
23,100065,20,False,2299,0,2299,9.992491051641432,100.0
23,100065,21,False,3448,0,3448,11.074019773247983,100.0
23,100065,22,False,5115,0,5115,11.962913418609176,100.0
23,100065,23,False,7657,0,7657,12.91076329015519,100.0
23,100065,24,False,11632,0,11632,13.753296389543983,100.0
23,100065,25,False,17769,0,17769,14.69879311779133,100.0
23,100065,26,False,27177,0,27177,15.702706422585385,100.0
23,100065,27,False,41887,0,41887,16.66274324973344,100.0
23,100065,28,False,64966,0,64966,17.754897986924465,100.0
23,100065,29,False,101499,0,101499,18.900455705206504,100.0
23,100065,30,False,159354,0,159354,20.163629796614956,100.0
23,100065,31,False,251115,0,251115,21.255773404519324,100.0
23,100065,32,False,397788,0,397788,22.483405233958905,100.0
23,100065,33,False,630795,0,630795,23.74488159396476,100.0
23,100065,34,False,1002783,0,1002783,25.01980701017281,100.0
24,100066,0,False,100,100,0,1.0,0.0
24,100066,1,False,144,144,0,1.0,0.0
24,100066,2,False,207,207,0,1.1224192348987927,0.0
24,100066,3,False,297,297,0,1.3744165698962538,0.0
24,100066,4,False,448,448,0,1.5434942409944066,0.0
24,100066,5,False,658,658,0,1.6595954517923939,0.0
24,100066,6,False,920,920,0,1.904158958083693,0.0
24,100066,7,False,1304,1302,2,1.9669279335273322,0.15337423312883436
24,100066,8,False,1909,1905,4,2.147622548974145,0.20953378732320588
24,100066,9,False,2732,2727,5,2.243096252117918,0.18301610541727673
24,100066,10,False,3928,3913,15,2.6316221227343686,0.3818737270875764
24,100066,11,False,5688,5658,30,2.942135435633208,0.5274261603375527
24,100066,12,False,8180,8125,55,3.428550700909697,0.6723716381418093
24,100066,13,False,11782,11691,91,3.903445827409876,0.772364624002716
24,100066,14,False,17132,16978,154,4.412150357197803,0.8989026383376139
24,100066,15,False,24559,24323,236,5.016621907011417,0.9609511787939249
24,100066,16,False,3801,3434,367,6.807201616051988,9.655353854248881
24,100066,17,False,916,391,525,10.224225508928667,57.314410480349345
24,100066,18,False,826,69,757,7.344767245775579,91.64648910411623
24,100066,19,False,1106,8,1098,7.175763393276238,99.27667269439421
24,100066,20,False,1634,4,1630,7.810235738366001,99.75520195838433
24,100066,21,False,2375,0,2375,8.900717409532247,100.0
24,100066,22,False,3495,0,3495,10.425373590532848,100.0
24,100066,23,False,5114,0,5114,12.174562822325706,100.0
24,100066,24,False,7560,0,7560,14.41945192986964,100.0
24,100066,25,False,11011,0,11011,16.06654294666655,100.0
24,100066,26,False,16448,0,16448,18.264297613856378,100.0
24,100066,27,False,24870,0,24870,20.554217028829658,100.0
24,100066,28,False,37612,0,37612,23.03333721827459,100.0
24,100066,29,False,57243,0,57243,25.79415266646646,100.0
24,100066,30,False,87914,0,87914,28.786448363779638,100.0
24,100066,31,False,135570,0,135570,31.67844007350035,100.0
24,100066,32,False,209989,0,209989,34.695325736179456,100.0
24,100066,33,False,327074,0,327074,37.73532637415243,100.0
24,100066,34,False,512375,0,512375,40.59219496203392,100.0
24,100066,35,False,807649,0,807649,43.55789040948596,100.0
24,100066,36,False,1276501,0,1276501,46.54106945711239,100.0
25,100067,0,False,100,100,0,1.0,0.0
25,100067,1,False,135,135,0,1.1906837789901812,0.0
25,100067,2,False,187,187,0,1.318474916324386,0.0
25,100067,3,False,249,249,0,1.3995877989307006,0.0
25,100067,4,False,372,372,0,1.6591161750090508,0.0
25,100067,5,False,535,535,0,1.9764146037327779,0.0
25,100067,6,False,736,736,0,2.1917822148854547,0.0
25,100067,7,False,1026,1025,1,2.530702132137544,0.09746588693957114
25,100067,8,False,1457,1454,3,2.7830946924860216,0.2059025394646534
25,100067,9,False,2074,2068,6,3.1059235097190125,0.2892960462873674
25,100067,10,False,2919,2906,13,3.568148458352948,0.44535799931483383
25,100067,11,False,4246,4215,31,4.095840848390277,0.730098916627414
25,100067,12,False,6127,6079,48,4.571735392903737,0.7834176595397421
25,100067,13,False,8897,8814,83,5.287995857403058,0.9328987299089581
25,100067,14,False,12883,12765,118,5.855141534488951,0.9159357292556082
25,100067,15,False,18665,18457,208,6.529304861505334,1.1143852129654432
25,100067,16,False,27287,26940,347,7.557021913343616,1.2716678271704476
25,100067,17,False,4370,3887,483,10.794417429149812,11.052631578947368
25,100067,18,False,1258,578,680,10.583595666943696,54.054054054054056
25,100067,19,False,1038,86,952,6.4852640629177305,91.71483622350674
25,100067,20,False,1404,12,1392,5.603422678223248,99.14529914529915
25,100067,21,False,1968,2,1966,6.378413996163566,99.89837398373983
25,100067,22,False,2766,0,2766,6.691067156712771,100.0
25,100067,23,False,4007,0,4007,7.890596726839931,100.0
25,100067,24,False,5691,0,5691,9.001774576607666,100.0
25,100067,25,False,8176,0,8176,10.632890700956834,100.0
25,100067,26,False,11992,0,11992,12.26092456904847,100.0
25,100067,27,False,17581,0,17581,14.036637082895803,100.0
25,100067,28,False,25849,0,25849,16.055446429829747,100.0
25,100067,29,False,38272,0,38272,18.367249123681823,100.0
25,100067,30,False,57089,0,57089,20.697265502805752,100.0
25,100067,31,False,85785,0,85785,23.290265654579656,100.0
25,100067,32,False,129573,0,129573,26.05029451220303,100.0
25,100067,33,False,197442,0,197442,28.755558679904116,100.0
25,100067,34,False,302810,0,302810,31.81519084929515,100.0
25,100067,35,False,467376,0,467376,34.649856144399365,100.0
25,100067,36,False,724626,0,724626,37.53691034173412,100.0
25,100067,37,False,1129247,0,1129247,40.54447099873488,100.0
26,100068,0,False,100,100,0,1.0,0.0
26,100068,1,False,138,138,0,1.0438593884778207,0.0
26,100068,2,False,188,187,1,1.0963821250202694,0.5319148936170213
26,100068,3,False,260,258,2,1.3299590860018062,0.7692307692307693
26,100068,4,False,360,360,0,1.3448929726841659,0.0
26,100068,5,False,488,488,0,1.4822682440916235,0.0
26,100068,6,False,661,660,1,1.6636485355136919,0.15128593040847202
26,100068,7,False,954,949,5,1.8865339814015212,0.5241090146750524
26,100068,8,False,1347,1341,6,2.2001019689966896,0.44543429844098
26,100068,9,False,1921,1910,11,2.580117915308878,0.5726184279021344
26,100068,10,False,2783,2764,19,2.8656611535910965,0.6827164929931728
26,100068,11,False,3967,3944,23,3.1874059062595426,0.5797832114948324
26,100068,12,False,5649,5612,37,3.3454027400096082,0.6549831828642237
26,100068,13,False,8077,8020,57,3.8207401916618675,0.7057075646898601
26,100068,14,False,11690,11591,99,4.289316796336804,0.8468776732249786
26,100068,15,False,16773,16626,147,4.9963799673287275,0.8764085136827043
26,100068,16,False,24377,24131,246,5.692347158653419,1.009147967346269
26,100068,17,False,3851,3504,347,7.923268945627236,9.010646585302519
26,100068,18,False,945,485,460,9.65000492426872,48.67724867724868
26,100068,19,False,719,64,655,5.295193137477235,91.09874826147427
26,100068,20,False,948,10,938,4.093979331483442,98.94514767932489
26,100068,21,False,1331,2,1329,4.738369298863147,99.84973703981969
26,100068,22,False,1847,0,1847,5.442044547523707,100.0
26,100068,23,False,2658,0,2658,6.0689369671767555,100.0
26,100068,24,False,3756,0,3756,7.093667556806273,100.0
26,100068,25,False,5333,0,5333,7.803738153650213,100.0
26,100068,26,False,7703,0,7703,8.845690184725726,100.0
26,100068,27,False,11380,0,11380,9.984450469429028,100.0
26,100068,28,False,16745,0,16745,11.098288320534074,100.0
26,100068,29,False,24684,0,24684,12.436706208116117,100.0
26,100068,30,False,36950,0,36950,13.801116721723782,100.0
26,100068,31,False,55670,0,55670,15.11489957520564,100.0
26,100068,32,False,84296,0,84296,16.4901809171588,100.0
26,100068,33,False,128506,0,128506,17.926629033949283,100.0
26,100068,34,False,197307,0,197307,19.199086368605695,100.0
26,100068,35,False,304832,0,304832,20.59686775663937,100.0
26,100068,36,False,472499,0,472499,22.027474217425485,100.0
26,100068,37,False,737427,0,737427,23.530915229509066,100.0
26,100068,38,False,1158688,0,1158688,24.991660650669512,100.0
27,100069,0,False,100,100,0,1.0,0.0
27,100069,1,False,153,153,0,1.2543880271084369,0.0
27,100069,2,False,238,237,1,1.403992909589785,0.42016806722689076
27,100069,3,False,327,324,3,1.5397005333917095,0.9174311926605505
27,100069,4,False,475,470,5,1.6735486892311109,1.0526315789473684
27,100069,5,False,704,693,11,1.9781219669927574,1.5625
27,100069,6,False,1020,1008,12,2.0896290217468687,1.1764705882352942
27,100069,7,False,1462,1442,20,2.384252736654427,1.3679890560875514
27,100069,8,False,2089,2059,30,2.7310794222281047,1.4360938247965533
27,100069,9,False,3057,3018,39,3.1062251186589434,1.2757605495583906
27,100069,10,False,4477,4421,56,3.525905856720317,1.2508376144739781
27,100069,11,False,6568,6479,89,4.042001860328333,1.3550548112058465
27,100069,12,False,9707,9552,155,4.94477353969974,1.5967858246626145
27,100069,13,False,14420,14158,262,5.851339600637491,1.8169209431345354
27,100069,14,False,21577,21168,409,6.746991245837174,1.895536914306901
27,100069,15,False,3803,3235,568,9.929110349567075,14.935577175913751
27,100069,16,False,1340,507,833,13.02718075175641,62.16417910447761
27,100069,17,False,1254,98,1156,9.86835724820818,92.18500797448166
27,100069,18,False,1684,7,1677,8.880840655100894,99.58432304038004
27,100069,19,False,2310,4,2306,9.559489517664932,99.82683982683983
27,100069,20,False,3263,2,3261,11.176286243023176,99.93870671161508
27,100069,21,False,4610,0,4610,12.8092039602417,100.0
27,100069,22,False,6555,0,6555,14.874024612455312,100.0
27,100069,23,False,9432,0,9432,17.387543064315043,100.0
27,100069,24,False,13454,0,13454,20.336695921705914,100.0
27,100069,25,False,19504,0,19504,23.579734533266368,100.0
27,100069,26,False,28738,0,28738,27.02680482594584,100.0
27,100069,27,False,42180,0,42180,30.81654780741646,100.0
27,100069,28,False,62495,0,62495,34.98603909747854,100.0
27,100069,29,False,93367,0,93367,39.23900366868357,100.0
27,100069,30,False,139985,0,139985,43.90103264065845,100.0
27,100069,31,False,211633,0,211633,48.64826317366964,100.0
27,100069,32,False,322986,0,322986,53.651553361372436,100.0
27,100069,33,False,495440,0,495440,58.54358247071842,100.0
27,100069,34,False,764730,0,764730,63.26261788077851,100.0
27,100069,35,False,1185880,0,1185880,68.38381861238547,100.0
28,100070,0,False,100,100,0,1.0,0.0
28,100070,1,False,146,146,0,1.1305884517886562,0.0
28,100070,2,False,215,214,1,1.3569835414982825,0.46511627906976744
28,100070,3,False,310,307,3,1.4131389105202965,0.967741935483871
28,100070,4,False,466,463,3,1.477574998696506,0.6437768240343348
28,100070,5,False,653,647,6,1.7855392477027716,0.9188361408882083
28,100070,6,False,956,946,10,2.0093803865296103,1.0460251046025104
28,100070,7,False,1345,1326,19,2.408003865419963,1.412639405204461
28,100070,8,False,1979,1955,24,2.6290791132390763,1.2127337038908539
28,100070,9,False,2848,2804,44,2.8272191053914066,1.5449438202247192
28,100070,10,False,4074,4004,70,3.157166535968865,1.7182130584192439
28,100070,11,False,5938,5829,109,3.622580603523124,1.8356348939036713
28,100070,12,False,8629,8469,160,4.060512485511783,1.8542125391122957
28,100070,13,False,12435,12190,245,4.591310906531491,1.9702452754322477
28,100070,14,False,18014,17629,385,5.246868219812939,2.1372266015321415
28,100070,15,False,26122,25565,557,6.040796677731141,2.1323022739453332
28,100070,16,False,4528,3747,781,8.502482974365229,17.248233215547703
28,100070,17,False,1612,565,1047,7.166372079173505,64.95037220843672
28,100070,18,False,1550,77,1473,4.3357152297364525,95.03225806451613
28,100070,19,False,2064,14,2050,3.885720371603533,99.32170542635659
28,100070,20,False,2890,2,2888,4.377735928126902,99.93079584775087
28,100070,21,False,4087,0,4087,4.748791390435745,100.0
28,100070,22,False,5664,0,5664,5.590336707125575,100.0
28,100070,23,False,7909,0,7909,6.553474102902319,100.0
28,100070,24,False,11200,0,11200,7.509811082625428,100.0
28,100070,25,False,15717,0,15717,8.653962814657293,100.0
28,100070,26,False,22317,0,22317,10.261599089247694,100.0
28,100070,27,False,31624,0,31624,11.785966744268698,100.0
28,100070,28,False,45334,0,45334,13.667409853566243,100.0
28,100070,29,False,65469,0,65469,15.909474776677406,100.0
28,100070,30,False,95191,0,95191,18.206109820013115,100.0
28,100070,31,False,139061,0,139061,20.933172428464037,100.0
28,100070,32,False,204774,0,204774,23.77707217838114,100.0
28,100070,33,False,304144,0,304144,26.921896065487296,100.0
28,100070,34,False,454107,0,454107,30.154003685023138,100.0
28,100070,35,False,684094,0,684094,33.51516266283165,100.0
28,100070,36,False,1035943,0,1035943,37.095418478463735,100.0
29,100071,0,False,100,100,0,1.0,0.0
29,100071,1,False,135,135,0,1.0446848628670062,0.0
29,100071,2,False,187,186,1,1.0688523196787911,0.5347593582887701
29,100071,3,False,295,295,0,1.247818311822148,0.0
29,100071,4,False,436,436,0,1.4935051474912857,0.0
29,100071,5,False,633,633,0,1.706464444967747,0.0
29,100071,6,False,878,878,0,1.8100807240010308,0.0
29,100071,7,False,1293,1293,0,2.1525825535169942,0.0
29,100071,8,False,1830,1826,4,2.5081269024996495,0.2185792349726776
29,100071,9,False,2680,2671,9,2.8767650240897984,0.3358208955223881
29,100071,10,False,3781,3764,17,3.2172649456142266,0.449616503570484
29,100071,11,False,5430,5403,27,3.6604510263488232,0.4972375690607735
29,100071,12,False,7721,7674,47,4.188711549621277,0.6087294391918145
29,100071,13,False,11269,11183,86,4.870787309154178,0.763155559499512
29,100071,14,False,16102,15961,141,5.592864827890123,0.8756676189293255
29,100071,15,False,23421,23219,202,6.245632933688675,0.8624738482558387
29,100071,16,False,3594,3312,282,8.198450843636772,7.846410684474123
29,100071,17,False,801,409,392,11.691510889742565,48.93882646691635
29,100071,18,False,579,44,535,7.950272959467303,92.40069084628671
29,100071,19,False,736,7,729,7.242931190676886,99.04891304347827
29,100071,20,False,1029,0,1029,7.510370359801947,100.0
29,100071,21,False,1439,0,1439,8.388868111159296,100.0
29,100071,22,False,2073,0,2073,10.119824230050023,100.0
29,100071,23,False,3041,0,3041,10.925256534717528,100.0
29,100071,24,False,4367,0,4367,12.079707655125702,100.0
29,100071,25,False,6342,0,6342,13.415733841481423,100.0
29,100071,26,False,9336,0,9336,15.064599771371416,100.0
29,100071,27,False,13665,0,13665,16.467055805187556,100.0
29,100071,28,False,20462,0,20462,18.13588282323814,100.0
29,100071,29,False,30652,0,30652,19.518274281696048,100.0
29,100071,30,False,46401,0,46401,21.262032654460945,100.0
29,100071,31,False,70254,0,70254,22.564012551835273,100.0
29,100071,32,False,107536,0,107536,24.061381197032947,100.0
29,100071,33,False,165267,0,165267,25.56151545124431,100.0
29,100071,34,False,255526,0,255526,27.169033523147377,100.0
29,100071,35,False,398051,0,398051,28.532222057431305,100.0
29,100071,36,False,621410,0,621410,29.93823236258918,100.0
29,100071,37,False,975362,0,975362,31.354598959937015,100.0
29,100071,38,False,1538153,0,1538153,32.82677087575123,100.0
